sample,t,vx,vy,vz
0,0.0,0.0,0.0,0.0
1,0.01655579,0.0,0.0,0.0
2,0.03321075,0.0,0.0,0.0
3,0.04986572,0.0,0.0,0.0
4,0.06633759,0.0,0.0,0.0
5,0.08318329,0.0,0.0,0.0
6,0.09994507,0.0,0.0,0.0
7,0.1165314,0.0,0.0,0.0
8,0.132988,0.0,0.0,0.0
9,0.1499405,0.0,0.0,0.0
10,0.1665878,0.0,0.0,0.0
11,0.183403,0.0,0.0,0.0
12,0.1999283,0.0,0.0,0.0
13,0.2166977,0.0,0.0,0.0
14,0.2334213,0.0,0.0,0.0
15,0.2499466,0.0,0.0,0.0
16,0.266449,0.0,0.0,0.0
17,0.283165,0.0,0.0,0.0
18,0.2998123,0.0,0.0,0.0
19,0.3163605,0.0,0.0,0.0
20,0.3332596,0.0,0.0,0.0
21,0.3498764,0.0,0.0,0.0
22,0.3664169,0.0,0.0,0.0
23,0.38311,0.0,0.0,0.0
24,0.3999329,0.0,0.0,0.0
25,0.4165344,0.0,0.0,0.0
26,0.4333649,0.0,0.0,0.0
27,0.4498901,0.0,0.0,0.0
28,0.4669495,0.0,0.0,0.0
29,0.4830704,0.0,0.0,0.0
30,0.4999084,0.0,0.0,0.0
31,0.516304,0.0,0.0,0.0
32,0.5331345,0.0,0.0,0.0
33,0.5498047,0.0,0.0,0.0
34,0.5665512,0.0,0.0,0.0
35,0.583107,0.0,0.0,0.0
36,0.5999374,0.0,0.0,0.0
37,0.6164398,0.0,0.0,0.0
38,0.6331482,0.0,0.0,0.0
39,0.6497955,0.0,0.0,0.0
40,0.6663284,0.0,0.0,0.0
41,0.6831131,0.0,0.0,0.0
42,0.7002182,0.0,0.0,0.0
43,0.7163925,0.0,0.0,0.0
44,0.7334442,0.0,0.0,0.0
45,0.7501373,0.0,0.0,0.0
46,0.7665634,0.0,0.0,0.0
47,0.7829895,0.0,0.0,0.0
48,0.7995605,0.0,0.0,0.0
49,0.8164063,0.0,0.0,0.0
50,0.8328857,0.0,0.0,0.0
51,0.8498764,0.0,0.0,0.0
52,0.8663635,-0.1168466,126.6694,70.54169
53,0.8828354,0.6108368,155.1497,137.6796
54,0.8999634,0.003784167,151.4444,138.6473
55,0.91642,1.705448e-05,182.6254,150.5303
56,0.9329987,1.99655e-07,196.07,137.0664
57,0.9495468,1.99655e-07,196.07,137.0664
58,0.966217,-10.40581,238.1374,115.0922
59,0.9829712,-0.6604683,233.5165,141.101
60,0.9996948,-0.3288351,245.0335,113.8469
61,1.016502,8.761032,247.6124,101.9047
62,1.033188,4.677497,257.1785,133.0375
63,1.049858,4.677497,257.1785,133.0375
64,1.066284,0.0006285544,290.4321,173.3609
65,1.083229,-2.287344,289.7749,181.1819
66,1.09977,-7.448941,252.1438,175.6105
67,1.116219,-18.23445,256.9178,181.9852
68,1.133041,-28.29223,239.9195,178.3298
69,1.14978,-28.29223,239.9195,178.3298
70,1.166374,-64.96609,186.0907,135.2905
71,1.183075,-99.99786,164.8264,94.25968
72,1.199661,-130.3996,134.2182,71.25877
73,1.216408,-152.8534,101.4684,50.3013
74,1.232834,-144.7588,49.11956,17.26187
75,1.249687,-144.7588,49.11956,17.26187
76,1.266258,-165.5261,-20.17566,-15.34471
77,1.283066,-182.8576,-60.62877,-33.99924
78,1.299637,-208.3566,-105.6526,-28.26392
79,1.316162,-211.5743,-135.6376,-39.06556
80,1.332985,-198.0604,-178.4981,-36.78834
81,1.34967,-198.0604,-178.4981,-36.78834
82,1.366058,-114.5041,-203.0857,-30.31322
83,1.383072,-95.1591,-249.8774,-24.2947
84,1.399689,-61.85769,-242.5359,-15.56088
85,1.416092,-47.35093,-230.2772,-13.5105
86,1.433144,-46.40689,-265.5733,-19.19797
87,1.449638,-46.40689,-265.5733,-19.19797
88,1.466286,-32.11364,-247.621,-18.63982
89,1.483047,-39.3888,-236.8694,-26.67108
90,1.499626,-35.08987,-248.5209,-32.62454
91,1.516441,-37.73827,-216.3504,-49.60079
92,1.53286,-47.58474,-188.7955,-47.6064
93,1.549553,-47.58474,-188.7955,-47.6064
94,1.566269,-49.97622,-144.0798,-30.2168
95,1.582924,-62.49964,-115.1743,-39.98753
96,1.599487,-56.44666,-70.46027,-33.78996
97,1.616066,-53.29955,-53.43341,-24.98368
98,1.633049,-50.06007,-37.67755,-17.2575
99,1.649818,-50.06007,-37.67755,-17.2575
100,1.666199,-24.84308,-47.03714,8.887712
101,1.683014,-7.777498,-58.02476,16.8333
102,1.699631,-5.539783,-67.83649,13.11972
103,1.716202,-6.577477,-83.52975,15.58868
104,1.732758,-2.312608,-87.8134,14.29578
105,1.749634,-2.312608,-87.8134,14.29578
106,1.766121,6.001692,-61.90224,10.57137
107,1.783058,15.27181,-42.39111,17.43804
108,1.79953,19.08552,-11.62968,12.68232
109,1.816139,22.88196,-0.323021,9.501623
110,1.833,24.3965,1.887178,11.22212
111,1.849525,24.3965,1.887178,11.22212
112,1.866371,26.84131,0.016809,10.94691
113,1.882843,30.36721,0.0001919537,11.91404
114,1.899704,25.20048,0.3433141,9.646733
115,1.916389,27.62701,-0.3791519,2.076725
116,1.933113,25.58662,-0.361171,1.514482
117,1.94976,25.58662,-0.361171,1.514482
118,1.966339,5.61669,-0.1231612,-0.8208518
119,1.982872,1.042495,-0.0005394007,0.378336
120,1.999588,6.453456,-2.362377e-06,2.415453
121,2.016327,12.28141,-0.3012837,-2.650435
122,2.033012,2.932979,-0.002499719,1.032292
123,2.049751,2.932979,-0.002499719,1.032292
124,2.066231,12.65664,-0.3324903,-3.523462
125,2.083008,3.818712,-0.003423099,1.323477
126,2.099533,10.20217,-2.06346e-05,3.746555
127,2.116455,7.705219,-9.037198e-08,2.819196
128,2.132797,0.4046105,-3.957961e-10,0.1478509
129,2.149536,0.4046105,-3.957961e-10,0.1478509
130,2.166283,1.068197e-05,0.0,3.903359e-06
131,2.182838,4.678312e-08,0.0,1.709528e-08
132,2.19989,0.0,0.0,0.0
133,2.216187,0.4907488,0.0,0.1790985
134,2.232925,11.57036,-0.3916551,-0.9996325
135,2.249481,11.57036,-0.3916551,-0.9996325
136,2.266037,10.37547,-8.44793,1.611507
137,2.283218,6.824177,-11.29963,2.979596
138,2.299507,14.00119,-24.14321,-3.199135
139,2.316254,4.813205,-33.61543,-8.792976
140,2.332863,4.691112,-42.52785,-12.06134
141,2.349472,4.691112,-42.52785,-12.06134
142,2.36615,14.00506,-49.03308,-17.36195
143,2.382767,7.121993,-49.56891,-19.66788
144,2.399506,8.235232,-50.51332,-23.24382
145,2.416191,4.330109,-50.14898,-12.22266
146,2.4328,11.74064,-45.85177,-5.202483
147,2.449638,11.74064,-45.85177,-5.202483
148,2.466202,7.086612,-10.91372,6.036605
149,2.482803,6.525566,-2.887485,3.245715
150,2.499672,0.8777289,-0.1461743,0.3545153
151,2.516281,0.005290992,-0.0008811455,0.002137035
152,2.532959,3.265239,-12.32526,-9.38809
153,2.549644,3.265239,-12.32526,-9.38809
154,2.566223,6.632574,-18.11198,-19.06994
155,2.583054,3.864094,-14.47467,-11.11002
156,2.599365,6.075063,-16.66116,-17.46699
157,2.616081,3.012737,-23.37943,-8.662204
158,2.632713,10.70155,-16.09025,-16.47401
159,2.649498,10.70155,-16.09025,-16.47401
160,2.66626,5.192423,-3.916003,-14.94851
161,2.672005,5.071121,-1.23286,-14.5998
162,2.682938,6.167686,-4.567443,-17.75682
163,2.699455,6.586754,-9.706039,-19.54129
164,2.715996,10.2929,-4.738619,-29.59672
165,2.732635,10.2929,-4.738619,-29.59672
166,2.749504,11.7401,-3.293043,-33.75506
167,2.76635,13.83466,-4.192641,-39.77733
168,2.782585,13.31014,-6.035191,-38.26922
169,2.799454,13.48842,-11.36777,-38.78184
170,2.816292,10.94752,-6.323524,-31.47623
171,2.832779,10.94752,-6.323524,-31.47623
172,2.849609,11.38672,0.2699209,-32.73904
173,2.852005,9.796082,-5.898692,-28.16563
174,2.866196,8.269226,-9.09864,-23.77563
175,2.882896,3.127073,-8.48876,-8.990943
176,2.899551,0.1561071,-1.863054,-0.4488382
177,2.916153,0.1561071,-1.863054,-0.4488382
178,2.932655,-2.812538,-0.7738988,8.902726
179,2.94944,-3.417141,-7.263796,11.2788
180,2.966377,-5.840305,-3.093487,16.86522
181,2.982735,-6.692112,-2.275218,19.31796
182,2.999397,-6.127915,-1.188061,17.68925
183,3.016083,-6.127915,-1.188061,17.68925
184,3.03273,-3.003112,-0.5494951,8.668983
185,3.049484,-1.689408,-0.3032043,4.876757
186,3.065918,-4.173354,-0.7437612,12.04708
187,3.082764,-0.02515717,-0.004483427,0.07262035
188,3.099548,-0.06436554,-0.01139061,0.1858018
189,3.116219,-0.06436554,-0.01139061,0.1858018
190,3.1325,-0.3108906,-0.4772093,8.86161
191,3.149467,-3.845419,-0.9482177,17.02434
192,3.1661,-1.981387,-0.5464392,10.21639
193,3.182579,-2.414631,-0.7573237,14.87605
194,3.199501,-4.316554,-1.126974,23.27476
195,3.216019,-4.316554,-1.126974,23.27476
196,3.232742,1.34062,-1.364546,35.79446
197,3.249252,-1.967474,-1.577146,46.81224
198,3.266121,0.7270397,-1.188003,42.34938
199,3.282761,4.987412,-1.188743,55.56765
200,3.299225,9.13402,-0.862434,56.02695
201,3.316017,9.13402,-0.862434,56.02695
202,3.332558,20.85177,-0.2512281,56.43185
203,3.349358,22.33518,0.0670055,64.46539
204,3.366318,21.30316,0.4760966,70.94659
205,3.382759,24.23486,1.022696,76.35941
206,3.399376,18.42143,1.703835,79.41936
207,3.416122,18.42143,1.703835,79.41936
208,3.432892,18.31487,2.194836,62.4263
209,3.449394,9.377451,2.40448,55.95443
210,3.466156,11.92895,2.958791,61.30121
211,3.482765,-7.061728,3.259466,54.8401
212,3.499413,-0.6842539,-0.7209511,43.49808
213,3.515854,-0.6842539,-0.7209511,43.49808
214,3.532829,-12.27417,-9.974362,44.42839
215,3.549545,-12.72057,-19.94945,46.00854
216,3.552002,-11.74681,-21.84611,42.48622
217,3.565849,-18.89366,-22.65092,40.08858
218,3.582458,-13.86486,-16.08373,39.13083
219,3.599327,-13.86486,-16.08373,39.13083
220,3.616119,-11.54838,-14.02752,30.38835
221,3.632454,-19.65504,-8.879377,31.7274
222,3.649338,-14.62737,-5.761333,29.53712
223,3.665985,-15.21052,-1.443251,32.85149
224,3.682495,-8.759429,-5.724914,30.90722
225,3.69931,-8.759429,-5.724914,30.90722
226,3.715996,-10.27246,-3.11536,36.39516
227,3.732658,-8.266731,-14.26058,39.89585
228,3.749496,-13.23969,-15.58045,47.0284
229,3.76606,-9.326752,-20.45035,48.01925
230,3.782738,-13.71707,-15.42552,48.87672
231,3.799454,-13.71707,-15.42552,48.87672
232,3.816139,-11.76616,-16.14095,48.07994
233,3.832649,-11.49043,-3.121168,47.77552
234,3.84938,-12.66818,-6.765334,54.60361
235,3.865974,-10.83744,6.475311,51.22106
236,3.872002,3.983099,5.468285,53.19987
237,3.882828,3.983099,5.468285,53.19987
238,3.899277,2.113851,7.187515,39.3484
239,3.916061,7.003829,9.183795,48.5919
240,3.932617,8.446037,6.860822,43.29131
241,3.949211,17.52151,3.077362,45.9594
242,3.965973,5.243824,2.976557,41.42143
243,3.98278,5.243824,2.976557,41.42143
244,3.999245,6.918264,-1.940723,40.28782
245,4.015945,10.82755,6.765618,33.35213
246,4.032639,-3.694428,7.788396,33.22612
247,4.049225,1.292458,7.306169,31.79276
248,4.065895,-5.96719,6.597852,26.4479
249,4.082573,-5.96719,6.597852,26.4479
250,4.099419,-5.019001,5.234262,20.29676
251,4.116287,-0.6622527,6.935655,27.96396
252,4.132759,-0.2363359,6.657475,26.57635
253,4.149422,-5.859934,6.306086,23.42056
254,4.165947,-6.318473,6.859282,25.13252
255,4.172005,-6.318473,6.859282,25.13252
256,4.182587,-6.190469,6.886478,24.6227
257,4.199387,-4.207863,4.726292,16.73685
258,4.215988,-4.466582,5.073101,17.76591
259,4.232521,-9.210785,10.61084,36.63607
260,4.249306,-5.89535,6.887219,23.44886
261,4.266052,-5.89535,6.887219,23.44886
262,4.282967,-3.915891,7.480402,25.39771
263,4.299271,-6.194164,7.541584,24.72332
264,4.315933,1.130277,10.86804,37.58414
265,4.332695,-1.035263,13.23223,44.35548
266,4.349266,5.962847,11.41589,39.2329
267,4.365891,5.962847,11.41589,39.2329
268,4.382881,19.11111,14.48532,50.63882
269,4.399849,19.43377,14.41672,49.4852
270,4.415901,16.04901,7.220881,55.56635
271,4.432564,9.167031,11.25552,47.33785
272,4.449287,14.75872,5.543807,36.75826
273,4.465797,14.75872,5.543807,36.75826
274,4.482651,4.546557,-4.611826,39.46291
275,4.499245,12.77373,-8.520378,39.59873
276,4.515854,-3.128761,-4.722697,40.91668
277,4.532448,9.135407,-6.083145,42.81343
278,4.549324,-0.03061124,2.302994,49.10935
279,4.565964,-0.03061124,2.302994,49.10935
280,4.582703,2.787287,0.8453751,45.43394
281,4.592003,-10.68336,2.069445,47.75583
282,4.599281,-9.459631,-0.2323205,42.06149
283,4.615929,-9.942343,-3.852685,44.20666
284,4.632645,-9.776985,-5.768751,43.47142
285,4.649269,-9.776985,-5.768751,43.47142
286,4.665932,-9.28471,-10.65871,41.28262
287,4.682701,-8.375731,-6.1362,37.24102
288,4.699432,-7.617491,-4.339112,36.42194
289,4.715958,-4.039235,-10.94013,35.13386
290,4.732574,-7.648374,-6.863051,34.21328
291,4.749382,-7.648374,-6.863051,34.21328
292,4.765877,10.98008,7.492742,39.31656
293,4.782867,-4.517773,11.5064,33.57548
294,4.799263,-1.35379,6.024753,30.6797
295,4.815895,-2.583524,-6.633781,24.94427
296,4.832726,-1.477825,-10.31187,25.28454
297,4.849304,-1.477825,-10.31187,25.28454
298,4.866142,10.32881,0.6180525,16.72963
299,4.882553,-1.606856,3.405679,7.636812
300,4.892006,1.05645,7.064671,14.72245
301,4.899071,16.52703,9.533125,22.97919
302,4.916122,13.83365,8.511574,20.18975
303,4.932678,13.83365,8.511574,20.18975
304,4.949158,9.25385,10.22393,22.359
305,4.966026,24.72203,8.682426,22.39815
306,4.982697,30.19056,11.44688,28.80053
307,4.999107,36.01525,6.419256,19.93217
308,5.015839,20.89909,5.79182,15.49368
309,5.032455,20.89909,5.79182,15.49368
310,5.04921,37.59373,10.63738,27.8241
311,5.065926,29.3304,8.681738,22.23421
312,5.082748,47.27442,21.97683,31.40378
313,5.099464,49.02149,9.608775,26.97174
314,5.115799,39.31783,8.510573,22.98603
315,5.132584,39.31783,8.510573,22.98603
316,5.149422,53.89545,12.65396,32.51765
317,5.166306,51.52803,16.12354,37.99976
318,5.182541,25.72723,16.32334,33.66254
319,5.199242,34.12134,11.83782,26.63764
320,5.215927,35.24324,9.676189,22.74347
321,5.232582,35.24324,9.676189,22.74347
322,5.249222,14.64155,3.236773,8.496816
323,5.266006,13.60063,0.01951142,2.094467
324,5.282654,25.3264,-1.8248,4.232785
325,5.299301,3.150645,3.833909,12.27237
326,5.315918,10.43762,3.4034,16.86913
327,5.332695,10.43762,3.4034,16.86913
328,5.349236,23.85681,2.033689,6.989637
329,5.365906,15.43921,4.550247,10.13603
330,5.382629,15.39094,-12.68992,4.300519
331,5.399376,22.7415,-2.946523,7.075001
332,5.415565,22.10188,4.080921,11.50981
333,5.432968,22.10188,4.080921,11.50981
334,5.449684,14.34811,0.5149158,2.81868
335,5.465744,28.55562,-1.816425,4.066436
336,5.482315,20.20859,-14.65149,-3.882443
337,5.49955,27.41263,-8.462708,-6.902178
338,5.515633,32.45301,-3.966822,4.653966
339,5.532372,32.45301,-3.966822,4.653966
340,5.54921,22.98584,-3.587524,-3.418613
341,5.565994,14.58048,-5.563059,-7.921911
342,5.582619,23.24856,-2.669269,-1.884445
343,5.59948,19.22707,-7.047501,-10.06567
344,5.616104,24.01299,-5.216607,-6.359231
345,5.632652,24.01299,-5.216607,-6.359231
346,5.649231,10.0054,-9.561642,-15.74901
347,5.665894,10.1705,-12.11214,-20.40485
348,5.682503,3.628134,-14.19706,-25.07357
349,5.699554,2.480115,-12.28548,-21.94137
350,5.715675,2.311065,-11.4123,-20.50041
351,5.732407,2.311065,-11.4123,-20.50041
352,5.749435,-18.09831,-12.28577,-24.74592
353,5.76577,-28.65049,-13.2774,-28.08464
354,5.782402,-22.72707,-9.87508,-21.21471
355,5.799339,-27.80247,-0.2258317,-3.835832
356,5.815773,-32.64367,-0.001361324,-4.090912
357,5.832474,-32.64367,-0.001361324,-4.090912
358,5.849625,-31.5422,-3.593982e-08,-4.121781
359,5.865532,-31.10593,0.0,-4.155869
360,5.882507,-45.77193,2.517762,-6.672216
361,5.899094,-29.13819,6.712875,-5.167647
362,5.912003,-31.48184,0.02939993,-4.527483
363,5.915771,-31.48184,0.02939993,-4.527483
364,5.932259,-31.03286,1.470315e-06,-4.627696
365,5.949074,-13.05175,0.2974665,-2.016413
366,5.96579,-4.228109,0.3796908,-0.7028056
367,5.982559,11.38332,0.002288794,1.721069
368,5.999062,22.59862,-4.480463,-5.042079
369,6.015678,22.59862,-4.480463,-5.042079
370,6.032349,22.68172,-4.583034,-5.338179
371,6.048958,31.86496,-5.860525,-6.51685
372,6.065826,41.0845,-7.282769,-8.097748
373,6.082573,40.3669,-7.796513,-9.392882
374,6.099564,37.26715,-4.564621,-3.757402
375,6.115547,37.26715,-4.564621,-3.757402
376,6.132339,32.35508,-0.6735513,2.874633
377,6.149048,32.67774,-4.329233,-4.223021
378,6.166122,33.86296,-0.3410266,3.525814
379,6.182312,29.81907,-3.542805,2.29201
380,6.199249,18.97176,-1.326652,-0.275607
381,6.215553,18.97176,-1.326652,-0.275607
382,6.232224,24.26681,-5.202912,-7.342833
383,6.249008,7.556455,-7.328482,-13.45042
384,6.266075,23.88028,-6.56379,-10.18308
385,6.282433,12.1686,-8.327403,-15.05031
386,6.299187,29.32948,-1.63212,-0.05129772
387,6.315773,29.32948,-1.63212,-0.05129772
388,6.332626,34.49836,-0.007901623,3.486004
389,6.349167,47.81293,-3.086904,-1.434126
390,6.365601,59.03271,-5.910473,-6.188647
391,6.382439,33.4488,-0.4706625,2.086773
392,6.399437,40.10785,-0.9776585,1.529568
393,6.415672,40.10785,-0.9776585,1.529568
394,6.432549,40.40247,-4.942119,-6.713494
395,6.449257,40.04075,-6.868175,-11.79845
396,6.465515,26.67095,7.91297,-9.69234
397,6.482437,34.65187,-4.062891,-13.48551
398,6.492004,38.30598,-6.510894,-12.97154
399,6.499245,38.30598,-6.510894,-12.97154
400,6.515762,38.86092,-10.30407,-21.23642
401,6.532341,44.00916,-2.173476,-12.58421
402,6.549461,47.44589,-4.156042,-6.197923
403,6.56559,40.21716,-1.564292,-11.98783
404,6.582321,45.57288,-3.460428,-16.39769
405,6.598984,45.57288,-3.460428,-16.39769
406,6.615784,46.34624,-0.4979853,-3.71598
407,6.632355,37.30765,1.050329,-4.670744
408,6.649239,50.04537,-2.673683,-7.458668
409,6.66555,64.18878,3.308594,-12.67371
410,6.68235,66.71722,-3.907123,-7.353708
411,6.700043,66.71722,-3.907123,-7.353708
412,6.715645,73.17058,-3.653524,-7.525873
413,6.732216,82.26743,-1.688638,-3.728721
414,6.749443,83.86478,-0.007395614,-0.6714131
415,6.765671,78.44376,-3.239007e-05,-1.193635
416,6.782257,80.75807,-1.952489e-07,-1.826732
417,6.799225,80.75807,-1.952489e-07,-1.826732
418,6.812004,77.75918,0.0,-2.911037
419,6.815788,83.85609,0.0,-3.761006
420,6.832176,93.97525,0.0,-4.950815
421,6.849144,82.61031,0.0,-4.999573
422,6.865524,79.97332,0.0,-5.434357
423,6.882133,79.97332,0.0,-5.434357
424,6.899078,71.40443,0.0781972,-5.714061
425,6.915726,84.9199,2.0558,-3.091065
426,6.932228,67.48946,3.87396,2.00219
427,6.948906,71.84892,4.315905,2.060054
428,6.965614,67.20532,2.233419,-2.445368
429,6.982124,67.20532,2.233419,-2.445368
430,6.992004,57.69761,4.294554,2.382651
431,6.998909,65.41039,4.810163,2.165586
432,7.015686,50.20444,6.749606,7.99347
433,7.032455,47.97831,3.038081,0.02225961
434,7.048973,44.04372,5.389266,5.419735
435,7.06559,44.04372,5.389266,5.419735
436,7.082245,25.61604,3.382083,5.171782
437,7.099121,4.855445,6.89982,13.95431
438,7.115402,-12.04103,3.738452,9.652619
439,7.132149,-20.07212,3.042664,9.302612
440,7.149132,-8.405842,0.8462443,2.978271
441,7.165482,-8.405842,0.8462443,2.978271
442,7.172005,-0.1265713,4.232413e-05,0.0179009
443,7.182327,-0.0005543357,1.853641e-07,7.839936e-05
444,7.198967,0.522523,1.117384e-09,-0.07375155
445,7.215523,4.236612,-5.648229,8.380373
446,7.23217,5.075133,8.009009,16.18379
447,7.24881,5.075133,8.009009,16.18379
448,7.265381,1.693529,-1.129837,11.74434
449,7.282051,4.763886,7.057878,13.87039
450,7.298859,4.369701,5.554019,16.50776
451,7.315331,17.74652,-7.983853,9.05375
452,7.332092,17.74652,-7.983853,9.05375
453,7.348885,31.69518,-0.2523293,10.54446
454,7.36557,38.45456,-3.86311,-2.110547
455,7.382385,40.18503,3.616327,2.713287
456,7.399132,48.50506,1.982639,4.201207
457,7.41555,47.60516,-0.170034,-5.136422
458,7.432381,52.67693,-3.640069,1.405969
459,7.449738,52.67693,-3.640069,1.405969
460,7.465836,62.37251,5.22119,6.70554
461,7.482376,62.17422,3.416342,-1.743983
462,7.499474,71.91535,-7.225235,1.413036
463,7.515625,64.34866,-3.197459,3.825867
464,7.531967,62.87449,1.47096,1.574928
465,7.548943,62.87449,1.47096,1.574928
466,7.565361,62.83347,-9.420751,-4.767344
467,7.582237,61.9362,3.040164,-7.620993
468,7.599861,52.74308,0.3741466,-10.75174
469,7.615356,40.83531,-0.9377521,-5.551374
470,7.632248,21.82587,-7.161211,-3.935688
471,7.649536,21.82587,-7.161211,-3.935688
472,7.665489,-21.10867,-1.220586,2.539305
473,7.682106,-27.05715,-0.8632531,4.539599
474,7.692001,-37.86118,5.9339,4.603878
475,7.698746,-42.15895,-4.179705,-8.972498
476,7.715355,-39.31246,-8.163641,-9.567339
477,7.732094,-39.31246,-8.163641,-9.567339
478,7.748749,-26.32823,-7.588811,-21.06091
479,7.765671,-7.451665,-3.175159,-30.327
480,7.782173,-4.794984,-2.259758,-22.32143
481,7.798752,-1.633412,-11.04706,-32.15821
482,7.815689,-1.633412,-11.04706,-32.15821
483,7.832207,-5.223425,-23.33486,-48.1521
484,7.848915,-10.29066,-22.91811,-47.87421
485,7.8657,-10.38828,-23.10011,-48.22474
486,7.88221,-9.009714,-18.15851,-40.01281
487,7.89872,-5.527229,-2.888301,-25.03774
488,7.91584,-5.527229,-2.888301,-25.03774
489,7.932114,-1.935502,-4.930993,-26.91944
490,7.949135,7.467569,5.587477,-26.68221
491,7.96553,14.39827,-2.535368,-22.85085
492,7.98214,12.80094,-7.056543,-21.12356
493,7.999718,21.4247,-9.026648,-26.98761
494,8.015526,19.90697,0.6437358,-19.76058
495,8.031944,19.90697,0.6437358,-19.76058
496,8.048668,-2.690336,-1.232244,-25.32801
497,8.065414,-5.468173,2.07727,-26.6112
498,8.081924,-0.2636043,10.2534,-32.59624
499,8.098785,-5.76634,2.076437,-46.22852
500,8.115326,-5.76634,2.076437,-46.22852
501,8.131943,-0.9550667,8.017316,-52.30469
502,8.148697,10.11143,16.74923,-54.86217
503,8.165466,5.449494,11.57334,-47.36338
504,8.172005,4.370395,9.979914,-50.62288
505,8.18187,0.5377824,8.782033,-49.74269
506,8.19899,2.177365,8.921147,-56.57391
507,8.215431,2.177365,8.921147,-56.57391
508,8.232224,-1.374279,13.77349,-49.2096
509,8.24913,-8.995257,15.29553,-41.47817
510,8.265701,-11.10355,21.0213,-45.93593
511,8.282097,-12.92681,15.24448,-53.45719
512,8.298882,-13.40445,11.09045,-55.43234
513,8.315338,-13.40445,11.09045,-55.43234
514,8.331963,-12.86165,9.390136,-53.18765
515,8.348778,-9.323827,12.49322,-41.31546
516,8.365639,-9.264135,14.03785,-38.73958
517,8.381882,-9.528404,16.21593,-39.2655
518,8.398674,-9.528404,16.21593,-39.2655
519,8.415451,-9.218133,7.718005,-37.98362
520,8.432083,-13.32006,-0.7781907,-51.05933
521,8.448723,-11.23588,-2.93251,-42.49725
522,8.465492,-9.073899,4.174136,-37.50661
523,8.482101,-4.257631,2.044237,-17.60677
524,8.498772,-4.257631,2.044237,-17.60677
525,8.512001,-2.78453,0.3372699,-21.44026
526,8.515701,-4.717957,3.215744,-23.23435
527,8.532158,-5.24297,-4.354021,-22.3225
528,8.548805,-5.229344,-5.583992,-21.4741
529,8.565308,-4.977677,-5.275106,-20.43735
530,8.581787,-2.345003,-1.896605,-9.628107
531,8.598755,-2.345003,-1.896605,-9.628107
532,8.615196,-4.863169,-5.011586,-19.96718
533,8.631905,-3.556417,-3.751185,-15.13573
534,8.64875,-3.394178,-4.590308,-18.96788
535,8.665337,1.320633,-2.752879,-12.30728
536,8.682182,1.320633,-2.752879,-12.30728
537,8.698936,1.029111,-1.564709,-7.130716
538,8.715393,16.05054,-0.00685285,-4.016355
539,8.731865,-0.5560394,-2.155669,-9.374003
540,8.748672,-2.218995,-2.152847,-9.000539
541,8.76532,-3.414375,-3.364925,-14.2207
542,8.782082,-3.414375,-3.364925,-14.2207
543,8.79879,-4.672971,-4.338478,-18.74978
544,8.815445,-5.920214,-5.423137,-23.75419
545,8.832268,-3.969057,-5.516418,-25.02656
546,8.848473,11.21638,-5.322583,-28.3245
547,8.865326,0.2405462,-6.142647,-30.49663
548,8.881973,0.2405462,-6.142647,-30.49663
549,8.89856,13.54103,-5.377405,-30.49516
550,8.915283,4.630179,-2.790889,-22.62947
551,8.931793,6.59014,8.730467,-30.0018
552,8.948654,-4.975575,13.25434,-37.3898
553,8.965446,-11.26859,13.72981,-50.61554
554,8.98217,-11.26859,13.72981,-50.61554
555,8.998764,-12.71188,6.907835,-54.94014
556,9.012001,-3.146367,19.11571,-46.57061
557,9.01519,7.050372,21.27577,-45.09842
558,9.03199,6.805657,20.5626,-46.2564
559,9.048622,9.064054,19.84858,-46.30153
560,9.065468,9.064054,19.84858,-46.30153
561,9.081741,10.13026,7.519781,-40.27348
562,9.098579,15.25214,-0.2219236,-33.10007
563,9.115425,14.10039,2.552109,-35.7484
564,9.131935,9.0436,-3.239761,-27.21096
565,9.148514,9.579942,-4.237111,-35.56894
566,9.165283,-6.199229,-4.529887,-34.60765
567,9.181915,-6.199229,-4.529887,-34.60765
568,9.198677,1.955949,4.080225,-31.68966
569,9.215347,3.910719,-3.084775,-29.04828
570,9.231941,-5.830194,-3.412919,-29.31635
571,9.248634,3.121075,-1.942831,-18.93901
572,9.265274,1.086616,-2.44204,-23.50413
573,9.282089,1.086616,-2.44204,-23.50413
574,9.298691,3.612957,-2.314158,-24.16408
575,9.315521,-9.440184,-3.411992,-32.58363
576,9.331902,-8.85192,-3.067746,-30.40446
577,9.348801,-9.937947,-3.283244,-34.13367
578,9.365448,-9.937947,-3.283244,-34.13367
579,9.381981,5.467898,-2.426446,-31.64571
580,9.398964,3.237572,-2.524179,-33.99117
581,9.415161,11.69644,-1.763899,-27.68764
582,9.432007,6.721159,-1.833426,-28.33031
583,9.432159,9.561302,-1.18665,-20.51716
584,9.448578,9.561302,-1.18665,-20.51716
585,9.465263,16.71423,-1.4192,-27.97748
586,9.482307,17.14033,-1.153408,-24.74355
587,9.498955,7.111303,-1.490447,-28.77316
588,9.515312,5.291198,-1.456909,-28.9637
589,9.532051,2.163094,-1.637909,-33.56419
590,9.548767,2.163094,-1.637909,-33.56419
591,9.565308,0.5326642,-1.380873,-33.07491
592,9.582207,5.511699,-0.8496658,-23.64904
593,9.598541,-2.894866,-0.8793602,-23.43278
594,9.615387,-4.428324,-0.6745394,-18.78846
595,9.631981,-7.331282,-0.7980537,-23.67501
596,9.648651,-7.331282,-0.7980537,-23.67501
597,9.665215,-8.491488,-0.7091868,-26.28147
598,9.681999,-8.402225,-0.6014482,-26.00514
599,9.698509,-9.668426,-0.5115871,-25.55541
600,9.715225,-8.393842,-0.4118015,-25.98927
601,9.731964,-10.68288,-0.3969694,-33.11026
602,9.748589,-10.68288,-0.3969694,-33.11026
603,9.765297,-10.36688,-0.09630316,-32.13097
604,9.782158,-9.987456,0.06627027,-30.95499
605,9.798431,-11.66807,2.041712,-37.36202
606,9.815453,-12.19473,0.4604459,-37.74852
607,9.831734,-10.34672,0.5211954,-32.02344
608,9.848694,-10.34672,0.5211954,-32.02344
609,9.852005,-6.172737,0.441857,-19.10481
610,9.865204,-9.736912,0.9290721,-34.28453
611,9.881966,-12.93767,10.04888,-40.00453
612,9.89875,-14.85764,1.809067,-45.92039
613,9.915161,-12.44115,1.696287,-38.83903
614,9.931747,-12.44115,1.696287,-38.83903
615,9.948631,4.243536,1.735098,-37.12195
616,9.965271,4.797433,1.49288,-30.10032
617,9.982018,-1.931906,4.536067,-19.70242
618,9.998711,7.243606,2.578669,-24.27997
619,10.01524,-5.691254,3.786247,-28.49358
620,10.03173,-5.691254,3.786247,-28.49358
621,10.0484,-10.78855,2.540382,-32.5601
622,10.06523,-9.408955,2.133367,-28.3232
623,10.08191,-9.167901,1.26232,-13.51175
624,10.09888,-13.35448,0.6124564,1.041862
625,10.11502,-15.38468,4.657477,2.588982
626,10.13177,-15.38468,4.657477,2.588982
627,10.14835,-17.83974,0.0002329394,5.780078
628,10.16521,-26.28719,0.7629385,-1.358896
629,10.18189,-37.90998,0.6172761,4.117645
630,10.19869,-36.8014,1.664041,-9.13965
631,10.21516,-37.04362,1.53263,-7.274531
632,10.23191,-37.04362,1.53263,-7.274531
633,10.24845,-35.76723,11.58798,-7.885758
634,10.26513,-28.21088,4.665233,-11.52725
635,10.28178,-22.58138,4.853517,-7.936876
636,10.29852,-15.90078,13.4085,-7.130943
637,10.31506,-20.90207,1.898265,4.848668
638,10.33179,-20.90207,1.898265,4.848668
639,10.332,-31.41113,0.003414833,8.544745
640,10.34836,-30.72863,1.495571e-05,8.197512
641,10.36504,-39.16818,0.53975,4.392414
642,10.38203,-32.48036,1.36232,-6.181768
643,10.39825,-22.58051,0.1028542,4.616195
644,10.41516,-22.58051,0.1028542,4.616195
645,10.43176,-3.492771,0.2719091,0.787308
646,10.44851,-0.01529705,0.001190862,0.00344812
647,10.46522,-9.221103e-05,7.178436e-06,2.078679e-05
648,10.48172,-5.558525e-07,4.327195e-08,1.253037e-07
649,10.49834,-4.585578e-09,0.0,1.144858e-09
650,10.51513,-4.585578e-09,0.0,1.144858e-09
651,10.53176,-12.47885,0.0,3.077402
652,10.5488,-19.80799,0.0,4.824396
653,10.56523,-15.13813,0.0,3.647474
654,10.58157,-14.88848,0.0,3.54201
655,10.59834,-22.57355,0.02669269,5.011286
656,10.61513,-22.57355,0.02669269,5.011286
657,10.63174,-24.12176,0.0003115678,5.463572
658,10.64844,-27.91298,0.09515696,5.216055
659,10.66512,-31.10374,0.3737706,2.916946
660,10.672,-36.18858,-0.3507858,7.618927
661,10.68183,-44.38842,0.09397486,8.143524
662,10.6985,-44.38842,0.09397486,8.143524
663,10.7152,-55.34862,0.5999169,4.549171
664,10.73156,-56.07413,1.405677,-3.586885
665,10.74839,-51.86632,2.014583,-10.42332
666,10.76527,-46.82704,0.8672088,-0.4299967
667,10.78173,-54.72504,1.549654,-5.862079
668,10.79836,-54.72504,1.549654,-5.862079
669,10.81516,-39.9109,0.002408468,5.895516
670,10.83178,-40.12099,0.04353476,5.324534
671,10.84849,-35.65182,0.0001906663,4.895804
672,10.86507,-38.96062,8.350482e-07,5.123767
673,10.8817,-37.86164,0.04356801,4.369952
674,10.89845,-37.86164,0.04356801,4.369952
675,10.91526,-39.64673,0.05896493,3.961199
676,10.93183,-45.54956,1.807866,4.317939
677,10.94849,-46.54914,2.494078,3.889158
678,10.96481,-46.41417,7.56433,1.504654
679,10.98154,-54.69709,3.528768,2.894403
680,10.99861,-54.69709,3.528768,2.894403
681,11.01502,-50.43319,0.1663731,2.51947
682,11.03173,-50.01116,8.946324,0.4087198
683,11.0484,-46.81274,7.282999,0.3685458
684,11.06509,-54.67975,2.103419,1.963684
685,11.08178,-56.04171,1.87344,1.636147
686,11.09861,-56.04171,1.87344,1.636147
687,11.11518,-46.17392,0.005881154,1.080624
688,11.13166,-59.34642,0.266706,0.7229936
689,11.14822,-68.44144,0.9378744,-0.008585793
690,11.16499,-66.32178,0.95011,-0.7033061
691,11.18172,-60.06143,0.9712684,-1.239817
692,11.19859,-60.06143,0.9712684,-1.239817
693,11.21201,-49.01434,1.262513,-1.945284
694,11.21497,-46.43283,3.354641,-2.841276
695,11.23151,-39.93966,0.02022194,-1.797627
696,11.24815,-35.97232,8.856465e-05,-1.82097
697,11.26503,-28.91864,3.878806e-07,-1.606979
698,11.28191,-28.91864,3.878806e-07,-1.606979
699,11.29813,-28.04788,0.0,-1.80166
700,11.31507,-26.7241,0.0,-1.826999
701,11.33167,-27.30474,0.0,-1.979528
702,11.34841,-33.70055,-0.2881164,-0.004199646
703,11.36494,-34.91287,-0.001261844,-2.866298
704,11.38161,-34.91287,-0.001261844,-2.866298
705,11.39836,-28.86201,-0.002248184,-2.645544
706,11.41518,-34.12638,-1.865295e-05,-3.32199
707,11.43173,-35.58787,-0.2865468,-1.039201
708,11.44831,-25.82701,-8.933336,0.04844377
709,11.46514,-18.81674,-0.102016,-2.049968
710,11.48148,-18.81674,-0.102016,-2.049968
711,11.49823,-13.74833,-0.02009011,-1.572219
712,11.51485,-11.04961,-0.3780442,-1.159835
713,11.53154,-3.159664,-0.001655695,-0.3662059
714,11.54839,-11.73503,-7.251334e-06,-1.371793
715,11.56496,-1.66965,-4.371138e-08,-0.1958738
716,11.58168,-1.66965,-4.371138e-08,-0.1958738
717,11.59835,-0.006357181,-0.144554,0.04432523
718,11.61517,0.4150197,0.3912685,-3.525206
719,11.63167,5.810064,-0.2673654,0.7473029
720,11.6484,3.142842,-0.002218303,0.3666454
721,11.66508,1.320221,-2.959876,-3.892654
722,11.68153,1.320221,-2.959876,-3.892654
723,11.69835,11.73648,-8.00664,0.2923135
724,11.71494,23.91303,-2.758689,0.9852186
725,11.73147,38.4418,-4.829121,5.51784
726,11.74826,50.45012,-0.02911017,4.982859
727,11.76471,53.83467,-0.0001274919,4.83882
728,11.78194,53.83467,-0.0001274919,4.83882
729,11.79805,59.57494,-6.378696e-09,4.294416
730,11.81507,70.2608,0.0,4.339178
731,11.83161,70.79113,0.0,3.583492
732,11.84838,63.24916,0.0,2.576214
733,11.86497,64.16634,0.1542284,0.6133196
734,11.88175,64.16634,0.1542284,0.6133196
735,11.89825,58.69937,0.8394026,-6.582278
736,11.91489,59.89217,0.008602879,0.2199151
737,11.93142,41.19535,0.0001357032,-0.06894649
738,11.94827,36.7338,0.1162823,-1.301763
739,11.96476,24.90299,-11.55775,-5.296683
740,11.98179,24.90299,-11.55775,-5.296683
741,11.99815,1.881834,-8.838762,-2.744009
742,12.01478,0.05351853,-17.22935,2.073844
743,12.03157,-10.82059,-22.78422,4.851712
744,12.04838,-6.633031,-21.46441,3.811467
745,12.052,-7.399966,-19.49484,-2.982845
746,12.06505,-7.399966,-19.49484,-2.982845
747,12.08185,-0.5992334,-25.58531,7.203465
748,12.09828,0.05877543,-24.04348,5.992635
749,12.11499,0.02112967,-20.88243,1.907302
750,12.13154,-0.04295028,-16.50061,-3.868374
751,12.14825,-0.3902229,-8.009732,-14.28278
752,12.16484,-0.3902229,-8.009732,-14.28278
753,12.18176,-4.556068,-8.971952,-9.281825
754,12.19839,-8.499641,0.08103985,-4.952363
755,12.21511,-6.222555,1.100708,-9.234941
756,12.23164,-11.13246,1.729393,-13.13899
757,12.24848,-10.80956,0.5633191,-4.233077
758,12.26513,-10.80956,0.5633191,-4.233077
759,12.28145,-16.06899,0.8523731,-6.35258
760,12.292,-18.81096,1.074255,-7.978203
761,12.29826,-23.67199,2.094405,-15.41316
762,12.31505,-34.26829,2.296547,-16.92897
763,12.33195,-40.20971,2.744334,-20.16354
764,12.332,-40.20971,2.744334,-20.16354
765,12.34826,-26.9804,1.410833,-9.594259
766,12.36466,-23.08333,6.574995,-15.30145
767,12.38142,-16.29699,2.328987,-16.1167
768,12.3985,-12.18731,1.256027,-8.86208
769,12.41479,-4.614311,2.386358,-13.70205
770,12.43175,-4.614311,2.386358,-13.70205
771,12.44825,-3.853593,1.978469,-1.185266
772,12.46495,-7.144545,0.6710668,-1.411738
773,12.48144,-4.396323,0.3906623,-2.74708
774,12.49837,-12.87689,0.001710957,-0.5622517
775,12.51466,-14.03348,1.326934,-0.9879287
776,12.5314,-14.03348,1.326934,-0.9879287
777,12.54832,-38.90209,2.545197e-05,-2.097577
778,12.56471,-44.19683,1.114703e-07,-2.656551
779,12.58138,-47.24179,2.468742,-3.839958
780,12.59826,-56.16228,3.425182,-4.923623
781,12.61496,-65.93634,2.480743,2.450181
782,12.63154,-65.93634,2.480743,2.450181
783,12.64825,-80.15222,2.545188,1.104998
784,12.66473,-84.5777,7.778128,-0.3707555
785,12.68152,-84.60249,5.288352,-0.4347184
786,12.69828,-82.3362,13.71492,-5.778642
787,12.71469,-74.27333,14.71065,1.556331
788,12.73158,-74.27333,14.71065,1.556331
789,12.74816,-73.63969,17.45471,-0.836208
790,12.76492,-66.25475,15.42773,1.278976
791,12.7813,-63.01933,13.66413,-5.143059
792,12.79817,-67.7323,14.12111,-8.523096
