t,x,y,z, HasCollision
0,0,50,0,False
0.003852844,0,50,0,False
0.01998901,0,50,0,False
0.03683472,0,50,0,False
0.05342865,0,50,0,False
0.07008362,0,50,0,False
0.08679962,0,50,0,False
0.1030502,0,50,0,False
0.1199722,0,50,0,False
0.1369171,0,50,0,False
0.1539536,0,50,0,False
0.1699982,0,50,0,False
0.1868744,0,50,0,False
0.2037582,0,50,0,False
0.2201309,0,50,0,False
0.2369614,0,50,0,False
0.2530441,0,50,0,False
0.2697754,0,50,0,False
0.2867508,0,50,0,False
0.3037643,0,50,0,False
0.3203812,0,50,0,False
0.3368225,0,50,0,False
0.3534012,0,50,0,False
0.3706207,0,50,0,False
0.386879,0,50,0,False
0.403244,0,50,0,False
0.4203186,0,50,0,False
0.4371033,0,50,0,False
0.4534378,0,50,0,False
0.4705276,0,50,0,False
0.4867096,0,50,0,False
0.5034637,0,50,0,False
0.5201874,0,50,0,False
0.5366287,0,50,0,False
0.5536346,0,50,0,False
0.570549,0,50,0,False
0.5872421,0,50,0,False
0.6033783,0,50,0,False
0.620224,0,50,0,False
0.6368179,0,50,0,False
0.6539383,0,50,0,False
0.6699982,0,50,0,False
0.6864777,0,50,0,False
0.7035217,0,50,0,False
0.7201767,0,50,0,False
0.7367249,0,50,0,False
0.75354,0,50,0,False
0.7696762,0,50,0,False
0.7864838,0,50,0,False
0.8037262,0,50,0,False
0.8203278,0,50,0,False
0.8367538,0,50,0,False
0.853447,0,50,0,False
0.8699875,0,50,0,False
0.8867188,0,50,0,False
0.9033661,0,50,0,False
0.9198456,0,50,0,False
0.9366226,0,50,0,False
0.9535217,0,50,0,False
0.9700546,0,50,0,False
0.9868317,0,50,0,False
1.003685,0,50,0,False
1.020416,0,50,0,False
1.036606,0,50,0,False
1.053596,0,50,0,False
1.070198,0,50,0,False
1.086746,0,50,0,False
1.103607,0,50,0,False
1.120491,0,50,0,False
1.136353,0,50,0,False
1.153557,0,50,0,False
1.170151,0,50,0,False
1.186615,0,50,0,False
1.203499,0,50,0,False
1.220467,0,50,0,False
1.236534,0,50,0,False
1.253334,0,50,0,False
1.269516,0,50,0,False
1.286209,0,50,0,False
1.302971,0,50,0,False
1.320389,0,50,0,False
1.336739,0,50,0,False
1.352951,0,50,0,False
1.369781,0,50,0,False
1.386696,0,50,0,False
1.403191,0,50,0,False
1.42012,0,50,0,False
1.436752,0,50,0,False
1.453575,0,50,0,False
1.470078,0,50,0,False
1.486679,0,50,0,False
1.503273,0,50,0,False
1.519791,0,50,0,False
1.536705,0,50,0,False
1.553474,0,50,0,False
1.569931,0,50,0,False
1.58683,0,50,0,False
1.603455,0,50,0,False
1.619865,0,50,0,False
1.636749,0,50,0,False
1.653076,0,50,0,False
1.670433,0,50,0,False
1.68634,0,50,0,False
1.703171,0,50,0,False
1.720169,0,50,0,False
1.736725,0,50,0,False
1.753433,0,50,0,False
1.769936,0,50,0,False
1.786858,0,50,0,False
1.803482,0,50,0,False
1.819916,0,50,0,False
1.837059,0.1035988,50.19701,0.1431538,False
1.853218,0.3035342,50.52474,0.4381668,False
1.869934,0.6297637,50.9781,0.9425606,False
1.886589,1.082505,51.49974,1.665378,False
1.903618,1.686502,52.05891,2.649395,False
1.919861,2.398311,52.56393,3.821037,False
1.936707,3.260905,53.17594,5.24087,False
1.953186,4.253078,53.67448,6.876567,False
1.970467,5.457679,54.04053,8.849968,False
1.986603,6.729333,54.18418,10.90474,False
2.003471,8.217824,54.07852,13.25975,False
2.01992,9.817206,53.68095,15.71914,False
2.036781,11.59471,53.2391,18.45242,False
2.053696,13.53227,52.42459,21.32552,False
2.069885,15.52119,51.25737,24.14518,False
2.08667,17.7184,49.61287,27.09434,False
2.103508,20.05013,47.50151,30.02374,False
2.120216,22.47625,44.93404,32.83716,False
2.137253,25.08993,42.16809,35.86808,False
2.154076,27.76363,38.94109,38.68,False
2.170517,30.32922,35.47336,41.07076,False
2.187187,32.87314,31.67695,43.10417,False
2.204247,35.40644,27.55031,44.75866,False
2.220688,37.77286,23.38256,45.9229,False
2.237503,40.1936,19.11914,47.11386,False
2.254036,42.48966,14.78261,47.83616,False
2.271065,44.76174,10.21406,48.10709,False
2.287384,46.84301,5.788248,47.90741,False
2.304298,48.89654,1.199099,47.22323,False
2.320717,50.78518,-3.208826,46.09961,False
2.337891,52.7608,-7.81975,44.92425,False
2.354286,54.60212,-12.19492,43.62922,False
2.371315,56.46749,-16.70406,42.11628,False
2.386719,58.12162,-20.75867,40.6462,False
2.404137,59.87785,-25.19847,38.51982,False
2.419601,61.34554,-28.9932,36.28983,False
2.437248,62.93119,-33.09287,33.88064,False
2.452888,64.21122,-36.4594,31.67383,False
2.471207,65.56487,-40.07902,29.09835,False
2.487488,66.61385,-42.90763,26.64081,False
2.504585,67.56235,-45.45559,23.95534,False
2.520775,68.33195,-47.48302,21.36018,False
2.537521,69.07097,-49.42987,18.86819,False
2.554161,69.68971,-50.99513,16.41315,False
2.571243,70.21839,-52.24235,13.97122,False
2.58741,70.63304,-53.11604,11.76449,False
2.603966,70.98011,-53.72573,9.65894,False
2.621284,71.27211,-54.10283,7.663429,False
2.637451,71.51125,-54.41166,6.029145,False
2.654716,71.7098,-54.55028,4.521766,False
2.671143,71.85453,-54.54624,3.321261,False
2.687325,71.96091,-54.45293,2.376328,False
2.704102,72.03837,-54.31196,1.656862,False
2.721069,72.03837,-54.31196,1.656862,False
2.737679,72.01331,-54.38222,1.893595,False
2.754059,71.96516,-54.56327,2.342345,False
2.770721,71.89125,-54.90437,3.000147,False
2.787674,71.78792,-55.45256,3.849497,False
2.80442,71.65444,-56.22588,4.830045,False
2.820923,71.48695,-57.24329,5.895658,False
2.837494,71.29079,-58.4348,7.143633,False
2.854691,71.03911,-59.98613,8.488558,False
2.870636,70.75518,-61.71706,9.724675,False
2.887222,70.39608,-63.8391,10.95731,False
2.90419,69.95157,-66.34585,12.1145,False
2.920624,69.43596,-69.0871,13.08068,False
2.937569,68.85928,-72.15305,14.1613,False
2.954163,68.1918,-75.4666,14.99095,False
2.971062,67.39306,-79.14052,15.55311,False
2.986534,66.54464,-82.73287,15.76274,False
3.003273,65.48291,-86.84766,15.61707,False
3.020195,64.25068,-91.19555,15.0518,False
3.037598,62.90924,-95.92875,14.43643,False
3.054207,61.45555,-100.574,13.38048,False
3.071091,59.86801,-105.1427,11.87562,False
3.087273,58.24224,-109.3303,10.03845,False
3.104149,56.43774,-113.461,7.731551,False
3.121017,54.52803,-117.3129,5.062071,False
3.138161,52.687,-121.0262,2.488591,False
3.154472,50.93586,-124.106,-0.1246545,False
3.171028,49.17409,-126.7721,-2.882031,False
3.187454,47.45357,-128.974,-5.66755,False
3.204292,45.73425,-130.7915,-8.515129,False
3.220139,44.16513,-132.1167,-11.14909,False
3.237083,42.36621,-133.6358,-14.16881,False
3.252769,40.54042,-134.8061,-17.25025,False
3.269493,38.41626,-135.753,-20.82888,False
3.286156,36.12423,-136.3446,-24.65796,False
3.302872,33.65016,-136.5358,-28.73054,False
3.319557,31.01461,-136.2796,-32.97852,False
3.336349,28.3631,-136.0217,-37.25224,False
3.352989,25.705,-135.3144,-41.42039,False
3.369682,23.02114,-134.161,-45.48703,False
3.386375,20.32856,-132.576,-49.40022,False
3.403137,17.62653,-130.5677,-53.13536,False
3.419708,14.96737,-128.1911,-56.5981,False
3.436165,12.32578,-125.8301,-60.03796,False
3.452919,9.659691,-123.0559,-63.27079,False
3.46936,7.074543,-119.9958,-66.14834,False
3.486412,4.435843,-116.5033,-68.79569,False
3.50267,1.969338,-112.9022,-70.97222,False
3.519318,-0.4976444,-108.972,-72.82191,False
3.536041,-2.97525,-105.0249,-74.67957,False
3.552773,-5.386377,-100.8712,-76.13675,False
3.569656,-7.743617,-96.51347,-77.18579,False
3.586166,-9.968663,-92.129,-77.78763,False
3.603088,-12.16032,-87.55335,-77.96117,False
3.619545,-14.20125,-83.06401,-77.69452,False
3.636047,-16.24719,-78.56365,-77.42722,False
3.652657,-18.20925,-74.04071,-76.71886,False
3.669685,-20.12006,-69.44891,-75.54507,False
3.686569,-21.91024,-64.98862,-73.94641,False
3.704201,-23.66989,-60.46922,-71.83459,False
3.720779,-25.21988,-56.39171,-69.44933,False
3.738091,-26.83905,-52.1322,-66.95761,False
3.754097,-28.23638,-48.39455,-64.2849,False
3.769638,-29.49698,-44.99568,-61.35364,False
3.786346,-30.75199,-41.62091,-57.86449,False
3.802795,-31.89107,-38.60683,-54.12748,False
3.819649,-33.00357,-35.62664,-50.19893,False
3.836655,-34.06928,-32.77181,-46.43561,False
3.853088,-34.98853,-30.30865,-42.86315,False
3.870094,-35.82581,-28.09182,-39.24043,False
3.88662,-36.53432,-26.27385,-35.79253,False
3.903183,-37.14512,-24.79869,-32.42831,False
3.92012,-37.67586,-23.64451,-29.1132,False
3.936821,-38.16155,-22.58829,-26.07946,False
3.953896,-38.57629,-21.84039,-23.14227,False
3.970284,-38.90756,-21.40934,-20.50368,False
3.986618,-39.18122,-21.23016,-18.07967,False
4.004196,-39.42239,-21.26439,-15.73865,False
4.020241,-39.60407,-21.46056,-13.84065,False
4.037094,-39.77075,-21.64053,-12.09946,False
4.053833,-39.90348,-21.92252,-10.63922,False
4.070465,-40.0082,-22.26023,-9.455769,False
4.086075,-40.08574,-22.59421,-8.580233,False
4.103073,-40.14824,-22.92514,-7.89504,False
4.120026,-40.18994,-23.18033,-7.463928,False
4.136597,-40.21021,-23.30436,-7.254385,False
4.153008,-40.21021,-23.30436,-7.254385,False
4.169533,-40.21021,-23.30436,-7.254385,False
4.186317,-40.21021,-23.30436,-7.254385,False
4.203293,-40.21021,-23.30436,-7.254385,False
4.220261,-40.23939,-23.51376,-7.104405,False
4.23671,-40.29507,-23.91339,-6.818175,False
4.25338,-40.38726,-24.55257,-6.434031,False
4.269989,-40.52053,-25.43669,-5.992349,False
4.286606,-40.7012,-26.57718,-5.524548,False
4.303398,-40.9377,-27.99522,-5.054115,False
4.319572,-41.22073,-29.60919,-4.628367,False
4.337029,-41.57205,-31.61259,-4.099893,False
4.353729,-41.96866,-33.78916,-3.634242,False
4.370895,-42.44123,-36.29773,-3.200419,False
4.387123,-42.94698,-38.90853,-2.835307,False
4.403893,-43.53247,-41.86119,-2.501426,False
4.420586,-44.22372,-45.05011,-2.420986,False
4.437035,-44.9566,-48.43113,-2.335701,False
4.453545,-45.81515,-52.04144,-2.560748,False
4.471443,-46.75322,-55.62461,-3.101916,False
4.486931,-47.57127,-58.45264,-3.787377,False
4.503716,-48.45035,-61.19207,-4.713587,False
4.520378,-49.30605,-63.58463,-5.766899,False
4.53717,-50.08942,-65.77498,-6.731192,False
4.553886,-50.83648,-67.63887,-7.758936,False
4.570328,-51.52944,-69.1714,-8.793358,False
4.587067,-52.18043,-70.43708,-9.8258,False
4.603821,-52.76683,-71.42905,-10.79843,False
4.620415,-53.27321,-72.16443,-11.66604,False
4.636192,-53.6636,-72.73137,-12.33493,False
4.653801,-54.11744,-73.28731,-13.13028,False
4.670052,-54.55197,-73.72555,-13.90272,False
4.686226,-54.99894,-74.08401,-14.70301,False
4.703346,-55.48585,-74.37825,-15.57555,False
4.719498,-55.95696,-74.57359,-16.4157,False
4.736244,-56.44541,-74.77612,-17.28675,False
4.753395,-56.83154,-74.6832,-18.28744,False
4.769371,-57.08531,-74.32008,-19.27486,False
4.786522,-57.35834,-73.83348,-20.29438,False
4.803391,-57.6251,-73.26403,-21.24844,False
4.819626,-57.87824,-72.63276,-22.11294,False
4.836136,-58.13567,-71.99078,-22.99209,False
4.852699,-58.38821,-71.26706,-23.8122,False
4.870033,-58.64423,-70.43294,-24.59833,False
4.886467,-58.87722,-69.57584,-25.26937,False
4.903366,-59.10497,-68.63322,-25.87777,False
4.919922,-59.31481,-67.65694,-26.38924,False
4.936363,-59.52311,-66.68776,-26.89699,False
4.954254,-60.06661,-65.97094,-27.5101,False
4.969917,-60.67582,-65.44134,-28.06306,False
4.986633,-61.48425,-64.97588,-28.69662,False
5.00322,-62.44834,-64.59233,-29.38656,False
5.020241,-63.61418,-64.26022,-30.17699,False
5.036461,-64.88734,-64.07063,-31.0466,False
5.053329,-66.39398,-63.89376,-32.05441,False
5.069641,-68.02486,-63.71212,-33.1315,False
5.086411,-69.88967,-63.4889,-34.35259,False
5.103302,-71.96228,-63.19791,-35.69876,False
5.11982,-74.17626,-62.81767,-37.12113,False
5.136856,-76.6545,-62.48317,-38.75206,False
5.153198,-79.21787,-62.02142,-40.41404,False
5.169838,-82.02171,-61.37965,-42.19563,False
5.1866,-85.04134,-60.53248,-44.0638,False
5.203163,-88.21454,-59.47083,-45.96003,False
5.219948,-91.61908,-58.1441,-47.90819,False
5.236343,-95.13345,-56.81777,-49.96074,False
5.253242,-98.94431,-55.15928,-52.07095,False
5.269821,-102.8624,-53.22797,-54.10259,False
5.286156,-106.8853,-51.01545,-56.02724,False
5.303123,-111.0519,-48.47011,-57.79579,False
5.319489,-115.0367,-45.8049,-59.24937,False
5.336082,-119.0776,-43.10211,-60.72346,False
5.352852,-123.1198,-40.17945,-61.93764,False
5.370117,-127.2322,-36.99995,-62.88884,False
5.386826,-131.1991,-33.86931,-63.68086,False
5.403526,-135.1419,-30.67954,-64.31611,False
5.420128,-139.0331,-27.43752,-64.75529,False
5.436768,-142.9303,-24.1905,-65.19516,False
5.45385,-146.8797,-20.765,-65.35478,False
5.470329,-150.6263,-17.39258,-65.19485,False
5.486649,-154.3241,-14.04213,-64.95202,False
5.504234,-158.2857,-10.41875,-64.56676,False
5.520416,-161.9072,-7.072196,-64.08232,False
5.537254,-165.675,-3.590464,-63.57832,False
5.55368,-169.3239,-0.1890557,-62.96403,False
5.570755,-173.0944,3.321816,-62.07561,False
5.58683,-176.5747,6.607587,-60.93215,False
5.604088,-180.2342,10.08501,-59.37896,False
5.620445,-183.6304,13.30795,-57.60351,False
5.636749,-187.016,16.52081,-55.8336,False
5.654053,-190.5298,19.82371,-53.64396,False
5.670197,-193.7352,22.78137,-51.32023,False
5.687309,-197.0558,25.75917,-48.57265,False
5.703476,-200.1201,28.40016,-45.72303,False
5.721291,-203.4184,31.09673,-42.32088,False
5.736954,-206.3196,33.46861,-39.32839,False
5.754189,-209.4381,35.85012,-35.80118,False
5.770164,-212.2622,37.82715,-32.33436,False
5.786758,-215.131,39.62516,-28.54787,False
5.803696,-217.9969,41.18378,-24.51668,False
5.81958,-220.6283,42.37243,-20.60538,False
5.836334,-223.4047,43.62663,-16.47836,False
5.852783,-226.0767,44.56427,-12.31553,False
5.870697,-228.9341,45.25631,-7.686855,False
5.887627,-231.5903,45.59239,-3.248816,False
5.903557,-234.0521,45.60508,0.959816,False
5.919479,-236.4812,45.31238,5.174694,False
5.935898,-238.986,45.01057,9.520775,False
5.952766,-241.5325,44.37702,13.96838,False
5.969322,-244.0109,43.44022,18.28937,False
5.986176,-246.5181,42.17115,22.61515,False
6.002762,-248.9767,40.61866,26.77588,False
6.019814,-251.5024,38.71934,30.93041,False
6.036797,-254.0185,36.82732,35.06896,False
6.054054,-256.5784,34.61058,39.12281,False
6.07061,-259.0451,32.21362,42.84635,False
6.086975,-261.4979,29.59439,46.33881,False
6.103592,-264.0124,26.69458,49.67864,False
6.120384,-266.5806,23.5434,52.82267,False
6.137329,-269.1728,20.36281,55.99604,False
6.15432,-271.8073,16.96832,58.92956,False
6.169998,-274.2734,13.67006,61.39046,False
6.187164,-277.0211,9.895551,63.80573,False
6.203812,-279.7337,6.104391,65.86353,False
6.220848,-282.5645,2.114278,67.67007,False
6.236794,-285.213,-1.618729,69.3602,False
6.254181,-288.1103,-5.720803,71.12634,False
6.270264,-290.8005,-9.542792,72.6749,False
6.287338,-293.669,-13.62768,74.22302,False
6.303787,-296.4424,-17.58416,75.63791,False
6.321068,-299.3578,-21.75293,77.08548,False
6.337578,-302.1446,-25.73785,78.46921,False
6.35498,-305.1323,-29.98208,79.6654,False
6.369408,-307.6409,-33.5196,80.49947,False
6.387756,-311.0093,-38.05063,81.15048,False
6.403572,-313.7105,-41.76127,81.75079,False
6.419128,-316.1527,-45.22481,82.45927,False
6.436165,-318.6266,-48.81427,83.10609,False
6.453056,-320.8749,-52.18374,83.64695,False
6.469437,-322.8581,-55.28759,84.09433,False
6.485825,-324.7307,-58.19734,84.34122,False
6.502922,-326.5915,-60.99211,84.36833,False
6.519615,-328.3129,-63.47528,84.20458,False
6.53643,-329.9033,-65.76943,84.0533,False
6.552673,-331.3401,-67.74734,83.77035,False
6.569847,-332.7401,-69.57494,83.36333,False
6.585938,-333.9417,-71.05235,82.91107,False
6.603088,-335.0871,-72.36964,82.39102,False
6.61985,-336.0699,-73.41894,81.87627,False
6.636284,-336.877,-74.28069,81.45352,False
6.652786,-337.5446,-74.93689,81.06251,False
6.669212,-338.0601,-75.39901,80.73257,False
6.686157,-338.4255,-75.6946,80.48149,False
6.703308,-338.4255,-75.6946,80.48149,False
6.719582,-338.256,-75.58749,80.61031,False
6.735825,-337.9179,-75.3738,80.86732,False
6.752693,-337.3762,-75.07933,81.29356,False
6.769592,-336.6366,-74.74259,81.8903,False
6.786995,-335.6621,-74.38426,82.69028,False
6.803825,-334.5165,-74.06242,83.64001,False
6.820526,-333.177,-73.80091,84.75372,False
6.838554,-331.9529,-73.56194,85.77145,False
6.853897,-331.0648,-73.46359,86.50708,False
6.870377,-330.2924,-73.44222,87.14033,False
6.887085,-329.6998,-73.47414,87.6181,False
6.903633,-329.303,-73.52718,87.93059,False
6.920586,-329.0979,-73.57057,88.08721,False
6.937363,-329.0935,-73.57151,88.09059,False
6.954338,-329.0935,-73.57151,88.09059,False
6.969894,-329.0935,-73.57151,88.09059,False
6.986153,-329.0935,-73.57151,88.09059,False
7.002449,-329.0935,-73.57151,88.09059,False
7.01902,-329.0935,-73.57151,88.09059,False
7.036232,-329.0935,-73.57151,88.09059,False
7.052711,-329.0935,-73.57151,88.09059,False
7.06974,-329.0935,-73.57151,88.09059,False
7.086174,-329.0935,-73.57151,88.09059,False
7.102989,-329.0935,-73.57151,88.09059,False
7.119865,-329.0935,-73.57151,88.09059,False
7.136063,-329.0935,-73.57151,88.09059,False
7.153625,-329.0935,-73.57151,88.09059,False
7.170753,-329.0935,-73.57151,88.09059,False
7.186829,-329.0935,-73.57151,88.09059,False
7.203369,-329.0935,-73.57151,88.09059,False
7.220284,-329.0935,-73.57151,88.09059,False
7.236954,-329.0935,-73.57151,88.09059,False
7.254364,-329.0935,-73.57151,88.09059,False
7.270554,-329.0935,-73.57151,88.09059,False
7.287148,-329.0935,-73.57151,88.09059,False
7.304337,-329.0935,-73.57151,88.09059,False
7.320465,-329.0935,-73.57151,88.09059,False
7.336906,-329.0935,-73.57151,88.09059,False
7.353783,-329.0935,-73.57151,88.09059,False
7.370728,-329.0935,-73.57151,88.09059,False
7.389427,-329.0935,-73.57151,88.09059,False
7.407234,-329.0935,-73.57151,88.09059,False
7.42041,-329.0935,-73.57151,88.09059,False
7.438393,-329.0935,-73.57151,88.09059,False
7.454117,-329.0935,-73.57151,88.09059,False
7.47049,-329.0935,-73.57151,88.09059,False
7.486595,-329.0935,-73.57151,88.09059,False
7.515472,-329.0935,-73.57151,88.09059,False
7.527496,-329.0935,-73.57151,88.09059,False
7.539131,-329.0935,-73.57151,88.09059,False
7.557762,-329.0935,-73.57151,88.09059,False
7.572395,-329.0935,-73.57151,88.09059,False
7.586235,-329.0935,-73.57151,88.09059,False
7.602646,-329.0935,-73.57151,88.09059,False
7.619347,-329.0935,-73.57151,88.09059,False
7.636292,-329.0935,-73.57151,88.09059,False
7.653091,-329.0935,-73.57151,88.09059,False
7.670288,-329.0935,-73.57151,88.09059,False
7.686089,-329.0935,-73.57151,88.09059,False
7.702805,-329.0935,-73.57151,88.09059,False
7.719429,-329.0935,-73.57151,88.09059,False
7.736595,-329.0935,-73.57151,88.09059,False
7.754112,-329.0935,-73.57151,88.09059,False
7.770447,-329.0935,-73.57151,88.09059,False
7.786743,-329.0935,-73.57151,88.09059,False
7.80336,-329.0935,-73.57151,88.09059,False
7.820137,-329.0935,-73.57151,88.09059,False
7.836502,-329.0935,-73.57151,88.09059,False
7.853447,-329.0935,-73.57151,88.09059,False
7.870491,-329.0935,-73.57151,88.09059,False
7.888077,-329.0935,-73.57151,88.09059,False
7.90435,-329.0935,-73.57151,88.09059,False
7.920464,-329.0935,-73.57151,88.09059,False
7.937988,-329.0935,-73.57151,88.09059,False
7.953369,-329.0935,-73.57151,88.09059,False
7.969604,-329.0935,-73.57151,88.09059,False
7.98642,-329.0935,-73.57151,88.09059,False
8.00322,-329.0935,-73.57151,88.09059,False
8.020119,-329.0935,-73.57151,88.09059,False
8.037468,-329.0935,-73.57151,88.09059,False
8.052612,-329.0935,-73.57151,88.09059,False
8.069244,-329.0935,-73.57151,88.09059,False
8.085609,-329.0935,-73.57151,88.09059,False
8.102409,-329.0935,-73.57151,88.09059,False
8.120049,-329.0935,-73.57151,88.09059,False
8.136543,-329.0935,-73.57151,88.09059,False
8.152786,-329.0935,-73.57151,88.09059,False
8.169144,-329.0935,-73.57151,88.09059,False
8.186256,-329.0935,-73.57151,88.09059,False
8.20266,-329.0935,-73.57151,88.09059,False
8.219246,-329.0935,-73.57151,88.09059,False
8.236313,-329.0935,-73.57151,88.09059,False
8.253105,-329.0935,-73.57151,88.09059,False
8.269012,-329.0935,-73.57151,88.09059,False
8.286316,-329.0935,-73.57151,88.09059,False
8.30323,-329.0935,-73.57151,88.09059,False
8.319504,-329.0935,-73.57151,88.09059,False
8.336357,-329.0935,-73.57151,88.09059,False
8.352989,-329.0935,-73.57151,88.09059,False
8.369339,-329.0935,-73.57151,88.09059,False
8.385902,-329.0935,-73.57151,88.09059,False
8.402573,-329.0935,-73.57151,88.09059,False
8.419121,-329.0935,-73.57151,88.09059,False
8.436501,-329.0935,-73.57151,88.09059,False
8.453415,-329.0935,-73.57151,88.09059,False
8.470261,-329.0935,-73.57151,88.09059,False
8.486465,-329.0935,-73.57151,88.09059,False
8.503464,-329.0935,-73.57151,88.09059,False
8.519958,-329.0935,-73.57151,88.09059,False
8.536278,-329.0935,-73.57151,88.09059,False
8.554146,-329.0935,-73.57151,88.09059,False
8.569374,-329.0935,-73.57151,88.09059,False
8.585785,-329.0935,-73.57151,88.09059,False
8.602242,-329.0935,-73.57151,88.09059,False
8.619095,-329.0935,-73.57151,88.09059,False
8.635727,-329.0935,-73.57151,88.09059,False
8.652344,-329.0935,-73.57151,88.09059,False
8.669334,-329.0935,-73.57151,88.09059,False
8.685715,-329.0935,-73.57151,88.09059,False
8.702599,-329.0935,-73.57151,88.09059,False
8.719284,-329.0935,-73.57151,88.09059,False
8.736008,-329.0935,-73.57151,88.09059,False
8.75267,-329.0935,-73.57151,88.09059,False
8.768959,-329.0935,-73.57151,88.09059,False
8.78566,-329.0935,-73.57151,88.09059,False
8.802849,-329.0935,-73.57151,88.09059,False
8.819695,-329.0935,-73.57151,88.09059,False
8.836105,-329.0935,-73.57151,88.09059,False
8.852798,-329.0935,-73.57151,88.09059,False
8.869278,-329.0935,-73.57151,88.09059,False
8.885666,-329.0935,-73.57151,88.09059,False
8.902695,-329.0935,-73.57151,88.09059,False
8.91935,-329.0935,-73.57151,88.09059,False
8.936127,-329.0935,-73.57151,88.09059,False
8.95266,-329.0935,-73.57151,88.09059,False
8.969429,-329.0935,-73.57151,88.09059,False
8.985664,-329.0935,-73.57151,88.09059,False
9.002815,-329.0935,-73.57151,88.09059,False
9.01915,-329.0935,-73.57151,88.09059,False
9.035675,-329.0935,-73.57151,88.09059,False
9.052628,-329.0935,-73.57151,88.09059,False
9.068771,-329.0935,-73.57151,88.09059,False
9.085602,-329.0935,-73.57151,88.09059,False
9.102676,-329.0935,-73.57151,88.09059,False
9.119583,-329.0935,-73.57151,88.09059,False
9.136292,-329.127,-73.79537,88.19932,False
9.152191,-329.1945,-74.22346,88.37193,False
9.16954,-329.3168,-74.95625,88.61028,False
9.185791,-329.4808,-75.88189,88.84248,False
9.202698,-329.7119,-77.10593,89.06158,False
9.219185,-329.9819,-78.53616,89.31759,False
9.237144,-330.2986,-80.10526,89.4885,False
9.25235,-330.5864,-81.43658,89.5416,False
9.268929,-330.9223,-82.88373,89.49992,False
9.285606,-331.2831,-84.32774,89.35862,False
9.302757,-331.6779,-85.79284,89.11256,False
9.319443,-332.0855,-87.19218,88.77692,False
9.335564,-332.4794,-88.5442,88.45263,False
9.3526,-332.9199,-89.93923,88.01403,False
9.369736,-333.4995,-91.35406,87.71264,False
9.38559,-334.1534,-92.69029,87.54385,False
9.402283,-334.9701,-94.14835,87.48756,False
9.419495,-335.9478,-95.72779,87.55318,False
9.43602,-336.9896,-97.33285,87.82072,False
9.452469,-338.1518,-99.02966,88.1797,False
9.46946,-339.4869,-100.9063,88.63975,False
9.485413,-340.8614,-102.791,89.12927,False
9.502609,-342.4843,-104.9788,89.71623,False
9.519028,-344.1374,-107.2016,90.45037,False
9.53553,-345.9342,-109.6024,91.21046,False
9.552589,-347.939,-112.271,92.00388,False
9.569092,-350.0201,-115.0332,92.75146,False
9.585709,-352.266,-118.005,93.46361,False
9.602745,-354.7273,-121.2493,94.13046,False
9.61908,-357.1985,-124.5384,94.89208,False
9.635765,-359.8841,-128.0949,95.56976,False
9.652298,-362.7097,-131.8085,96.11674,False
9.669975,-365.9234,-135.9911,96.54966,False
9.686714,-369.1419,-140.1214,96.78191,False
9.702324,-372.1998,-143.9339,96.75545,False
9.718857,-375.4391,-147.9725,96.72741,False
9.735542,-378.7693,-151.9875,96.44349,False
9.752449,-382.2066,-155.9763,95.9023,False
9.769218,-385.6784,-159.8359,95.12077,False
9.785324,-389.0745,-163.4348,94.14227,False
9.802681,-392.7969,-167.1759,92.85248,False
9.81929,-396.422,-170.6125,91.40186,False
9.835503,-399.9592,-173.9658,89.98637,False
9.852417,-403.7115,-177.3015,88.30096,False
9.869347,-407.5277,-180.4626,86.4174,False
9.885941,-411.3252,-183.3728,84.39185,False
9.902466,-415.1628,-186.072,82.20933,False
9.919403,-419.1509,-188.6224,79.81789,False
9.936119,-423.0862,-191.1392,77.45808,False
9.952362,-426.9604,-193.3675,75.03184,False
9.969254,-431.0381,-195.4492,72.3868,False
9.985497,-435.0059,-197.2176,69.74052,False
10.00272,-439.257,-198.8371,66.84457,False
10.01937,-443.4063,-200.15,63.97509,False
10.03526,-447.3651,-201.4027,61.23734,False
10.0527,-451.7511,-202.5091,58.17546,False
10.06937,-455.9773,-203.3062,55.21329,False
10.08587,-460.1862,-203.8348,52.26668,False
10.10216,-464.3667,-204.0996,49.35826,False
10.11871,-468.6135,-204.3685,46.40366,False
10.13605,-473.09,-204.3773,43.3243,False
10.15234,-477.3073,-204.1308,40.47061,False
10.16918,-481.6832,-203.6154,37.57306,False
10.18581,-486.0124,-202.8539,34.78343,False
10.20315,-490.532,-201.8019,31.96583,False
10.21935,-494.7546,-200.5847,29.435,False
10.23602,-499.1007,-199.3319,26.83015,False
10.25244,-503.3806,-197.8671,24.38118,False
10.26863,-507.59,-196.2056,22.09948,False
10.28535,-511.9283,-194.2731,19.89161,False
10.30247,-516.352,-192.0858,17.79973,False
10.31969,-520.7785,-189.6886,15.87875,False
10.33561,-524.8746,-187.4703,14.10116,False
10.35332,-529.4058,-184.812,12.32394,False
10.36943,-533.5003,-182.2338,10.90029,False
10.38623,-537.7402,-179.3913,9.626522,False
10.40362,-542.0915,-176.3069,8.536642,False
10.41971,-546.0823,-173.3347,7.746961,False
10.43672,-550.3015,-170.1926,6.912105,False
10.4531,-554.3248,-167.0625,6.337974,False
10.47022,-558.484,-163.7,5.984409,False
10.4863,-562.3444,-160.4729,5.888391,False
10.50362,-566.4555,-156.936,6.043064,False
10.52005,-570.3024,-153.5454,6.436936,False
10.53642,-574.1345,-150.1678,6.829289,False
10.55313,-577.9963,-146.6961,7.483118,False
10.57034,-581.917,-143.117,8.417251,False
10.58687,-585.6238,-139.6958,9.563016,False
10.60355,-589.3117,-136.2701,10.97056,False
10.61977,-592.8354,-132.9908,12.57655,False
10.63684,-596.5485,-129.5352,14.26883,False
10.65292,-599.9881,-126.3438,16.09585,False
10.6702,-603.6231,-122.9981,18.30468,False
10.68639,-606.9684,-119.9601,20.59606,False
10.70342,-610.4292,-116.8775,23.23565,False
10.71947,-613.6333,-114.0958,25.9291,False
10.73676,-617.0826,-111.1013,28.82868,False
10.75271,-620.2114,-108.4726,31.70189,False
10.77024,-623.5891,-105.7478,35.06376,False
10.78534,-626.4467,-103.5543,38.12498,False
10.80268,-629.6722,-101.2229,41.81989,False
10.81832,-632.5795,-99.12139,45.15038,False
10.83511,-635.6485,-97.05797,48.88756,False
10.8521,-638.7012,-95.1769,52.81702,False
10.86871,-641.6364,-93.54937,56.78971,False
10.88515,-644.4962,-92.15579,60.8385,False
10.9021,-647.3976,-90.9519,65.11426,False
10.9191,-650.3084,-89.74413,69.40379,False
10.9351,-653.0081,-88.83269,73.52464,False
10.95199,-655.8182,-88.11403,77.94629,False
10.96876,-658.5721,-87.64654,82.39178,False
10.98531,-661.2579,-87.43118,86.81853,False
11.00221,-663.9714,-87.46478,91.36292,False
11.01894,-666.6552,-87.49802,95.8576,False
11.03524,-669.247,-87.77603,100.2471,False
11.05192,-671.876,-88.31165,104.7274,False
11.06889,-674.5314,-89.11094,109.2587,False
11.08512,-677.0576,-90.117,113.5532,False
11.1021,-679.6876,-91.41797,117.9849,False
11.11902,-682.3099,-92.71508,122.4034,False
11.13503,-684.7833,-94.17277,126.5126,False
11.15173,-687.3593,-95.92827,130.7095,False
11.16931,-690.0731,-98.01868,135.0218,False
11.18546,-692.5669,-100.1506,138.8643,False
11.20253,-695.2141,-102.6251,142.7964,False
11.21881,-697.7379,-104.9843,146.5453,False
11.23568,-700.3638,-107.6341,150.2825,False
11.2523,-702.967,-110.4391,153.8095,False
11.26903,-705.606,-113.4458,157.1902,False
11.28553,-708.2319,-116.5826,160.3483,False
11.30215,-710.9018,-119.9001,163.3395,False
11.31928,-713.6841,-123.4707,166.2186,False
11.33546,-716.3095,-126.84,168.9354,False
11.35153,-718.9512,-130.3188,171.437,False
11.36883,-721.8304,-134.1859,173.9058,False
11.38583,-724.5852,-137.9315,175.9348,False
11.40177,-727.1068,-141.3737,177.4882,False
11.41931,-729.9269,-145.1426,178.5911,False
11.4356,-732.3309,-148.3855,179.6684,False
11.45155,-734.5133,-151.3496,180.6018,False
11.46844,-736.624,-154.2539,181.4945,False
11.48518,-738.5137,-156.9099,182.3121,False
11.50166,-740.1694,-159.314,183.0739,False
11.51844,-741.613,-161.5268,183.9653,False
11.53488,-742.815,-163.5095,184.8335,False
11.55168,-743.9295,-165.3624,185.5416,False
11.5687,-744.9501,-167.05,186.0791,False
11.58486,-745.819,-168.4727,186.4444,False
11.60159,-746.6055,-169.7422,186.6942,False
11.61875,-747.4106,-170.782,186.683,False
11.63491,-747.6608,-170.6796,186.281,False
11.65186,-747.9182,-170.2559,185.641,False
11.66837,-748.1586,-169.5175,184.8482,False
11.68495,-748.3832,-168.4257,183.9193,False
11.70177,-748.5866,-166.9417,182.8822,False
11.71856,-748.7754,-165.1415,181.6788,False
11.73497,-748.8002,-163.1163,180.6455,False
11.75153,-748.6556,-160.8186,179.7737,False
11.76818,-748.3314,-158.2702,179.0943,False
11.78493,-747.8173,-155.4868,178.6335,False
11.80175,-747.1046,-152.4943,178.417,False
11.81827,-746.249,-149.3786,178.2776,False
11.83489,-745.1864,-146.0827,178.4095,False
11.85146,-743.9205,-142.6653,178.8289,False
11.86818,-742.4248,-139.1066,179.5596,False
11.88495,-740.702,-135.4631,180.6127,False
11.90201,-738.7126,-131.7076,182.0235,False
11.91917,-736.5297,-127.7849,183.5683,False
11.93488,-734.3214,-124.2029,185.2982,False
11.95199,-731.6646,-120.3298,187.5441,False
11.96899,-728.7827,-116.5549,190.1275,False
11.98533,-725.9512,-113.1238,192.8093,False
12.00201,-722.9974,-109.8325,195.7385,False
12.01813,-720.145,-106.6542,198.5672,False
12.03487,-717.1199,-103.5763,201.6844,False
12.0515,-714.0588,-100.7553,204.9404,False
12.06798,-710.9676,-98.19978,208.3149,False
12.08482,-707.7574,-95.84708,211.8928,False
12.10139,-704.5467,-93.79123,215.5297,False
12.11801,-701.3264,-91.72931,219.1773,False
12.13472,-698.0416,-89.92614,222.9426,False
12.15136,-694.7255,-88.40437,226.7742,False
12.16806,-691.3562,-87.15714,230.6839,False
12.18465,-687.9725,-86.2001,234.6135,False
12.20142,-684.5156,-85.51946,238.6177,False
12.21806,-681.087,-84.84442,242.589,False
12.23514,-677.5372,-84.44556,246.6768,False
12.25158,-674.0921,-84.34477,250.6081,False
12.26891,-670.4391,-84.53621,254.7255,False
12.28481,-667.0667,-84.98346,258.4678,False
12.30212,-663.3806,-85.76257,262.4812,False
12.31834,-659.927,-86.49253,266.2414,False
12.33568,-656.225,-87.56106,270.1824,False
12.35158,-652.8246,-88.80024,273.7089,False
12.36911,-649.0703,-90.4473,277.487,False
12.38481,-645.71,-92.16595,280.7545,False
12.40204,-642.0289,-94.31081,284.197,False
12.4183,-638.556,-96.33433,287.4447,False
12.43546,-634.8978,-98.72062,290.7182,False
12.4519,-631.4091,-101.2336,293.6879,False
12.46909,-627.778,-104.0902,296.609,False
12.48484,-624.4723,-106.9045,299.103,False
12.50201,-620.8932,-110.1768,301.6127,False
12.519,-617.3527,-113.4138,304.0953,False
12.53533,-613.979,-116.7044,306.2703,False
12.55193,-610.5795,-120.2214,308.2583,False
12.5686,-607.204,-123.9066,310.0188,False
12.58487,-603.9473,-127.6416,311.5002,False
12.60234,-600.4933,-131.7855,312.8291,False
12.6187,-597.2615,-135.6629,314.0725,False
12.63506,-594.072,-139.6509,315.0646,False
12.65187,-590.843,-143.8435,315.8194,False
12.66857,-587.6866,-148.0853,316.3016,False
12.68494,-584.6436,-152.3046,316.5089,False
12.70219,-581.4962,-156.7933,316.4447,False
12.71871,-578.4799,-161.0951,316.3833,False
12.7359,-575.5685,-165.4126,316.1335,False
12.75182,-573.064,-169.2729,315.7437,False
12.76869,-570.6215,-173.1948,315.1903,False
12.78506,-568.4466,-176.8382,314.535,False
12.80203,-566.3939,-180.44,313.7591,False
12.81895,-564.499,-183.8689,313.1238,False
12.83543,-562.837,-187.0499,312.4378,False
12.85212,-561.3414,-190.1015,311.6988,False
12.86892,-560.0187,-193.0087,310.9307,False
12.88493,-558.9219,-195.632,310.1866,False
12.90191,-557.9357,-198.2574,309.413,False
12.91826,-557.1132,-200.6725,308.839,False
12.93493,-556.4391,-202.9988,308.2907,False
12.9519,-555.9184,-205.2365,307.7897,False
12.96883,-555.559,-207.3516,307.3613,False
12.98521,-555.3583,-209.297,307.0228,False
13.00171,-555.3013,-211.1706,306.771,False
13.01861,-555.3667,-213.0194,306.7271,False
13.03502,-555.5685,-214.7527,306.7868,False
13.05207,-555.9228,-216.5029,306.9714,False
13.0687,-556.2889,-218.2114,307.0542,False
13.08502,-556.6698,-219.8876,307.0403,False
13.10193,-557.0863,-221.6142,306.9279,False
13.11879,-557.5018,-223.3364,306.8157,False
13.13492,-557.9206,-224.9692,306.6158,False
13.15185,-558.3833,-226.6629,306.3099,False
13.16854,-558.8624,-228.3069,305.9152,False
13.18486,-559.3533,-229.8837,305.4399,False
13.202,-559.8923,-231.5009,304.8497,False
13.21801,-560.3959,-233.0119,304.2981,False
13.23484,-560.9483,-234.557,303.6313,False
13.25201,-561.5357,-236.0852,302.8646,False
13.26838,-562.1177,-237.4902,302.0548,False
13.285,-562.7313,-238.8604,301.1553,False
13.30215,-563.3869,-240.2104,300.1516,False
13.31863,-564.017,-241.5077,299.1871,False
13.33556,-564.6858,-242.7726,298.1261,False
13.35194,-565.3539,-243.928,297.0348,False
13.3689,-566.0671,-245.05,295.8414,False
13.38489,-566.758,-246.0324,294.6631,False
13.40182,-567.5093,-246.991,293.3619,False
13.41873,-568.2598,-247.9486,292.0622,False
13.4353,-569.0134,-248.8035,290.7419,False
13.45135,-569.7607,-249.5486,289.4217,False
13.46854,-570.5777,-250.2545,287.9706,False
13.48505,-571.3784,-250.8428,286.5445,False
13.50167,-572.199,-251.3426,285.0828,False
13.51841,-573.0257,-251.8459,283.6103,False
13.53526,-573.8722,-252.2578,282.1059,False
13.55174,-574.712,-252.5661,280.6201,False
13.56886,-575.5966,-252.7879,279.0657,False
13.585,-576.4407,-252.9036,277.5956,False
13.60184,-577.3304,-252.9268,276.0631,False
13.61832,-578.2013,-252.9494,274.563,False
13.63523,-579.1035,-252.8748,273.0294,False
13.65195,-580.0017,-252.7049,271.5258,False
13.66879,-580.9125,-252.4377,270.028,False
13.68524,-581.8062,-252.084,268.5874,False
13.70192,-582.715,-251.633,267.1548,False
13.7188,-583.6348,-251.1765,265.7049,False
13.73489,-584.5137,-250.6537,264.3539,False
13.75149,-585.42,-250.0264,262.9989,False
13.76807,-586.3248,-249.3139,261.6874,False
13.78459,-587.2241,-248.5209,260.4276,False
13.80126,-588.1284,-247.6398,259.208,False
13.81801,-589.0364,-246.7551,257.9833,False
13.83469,-589.936,-245.7963,256.8201,False
13.85148,-590.8358,-244.7563,255.7097,False
13.86832,-591.7308,-243.6421,254.6613,False
13.8847,-592.5939,-242.4917,253.7076,False
13.9014,-593.4632,-241.2579,252.8083,False
13.91814,-594.335,-240.0205,251.9064,False
13.93523,-595.2143,-238.697,251.0622,False
13.95114,-596.0216,-237.4136,250.3507,False
13.96849,-596.8887,-235.9628,249.6586,False
13.98447,-597.6746,-234.5829,249.1004,False
14.00169,-598.5056,-233.0563,248.5874,False
14.01791,-599.4206,-231.6249,248.3002,False
14.03477,-600.498,-230.1272,248.3018,False
14.05124,-601.6672,-228.68,248.592,False
14.06796,-602.973,-227.2515,249.181,False
14.08455,-604.3832,-225.8989,250.0519,False
14.1017,-605.9647,-224.5928,251.2511,False
14.11848,-607.6497,-223.3711,252.6288,False
14.135,-609.4207,-222.2887,254.2549,False
14.15145,-611.2956,-221.3524,256.133,False
14.16806,-613.3017,-220.573,258.2801,False
14.18494,-615.459,-219.9719,260.7077,False
14.20184,-617.7388,-219.5821,263.3693,False
14.21838,-620.1028,-219.2996,266.1545,False
14.23455,-622.5261,-219.248,269.0718,False
14.25118,-625.1382,-219.4462,272.2576,False
14.26835,-627.9651,-219.9305,275.7226,False
14.28497,-630.8287,-220.6812,279.2244,False
14.30146,-633.7955,-221.7165,282.8193,False
14.31842,-636.9919,-222.9259,286.6793,False
14.33514,-640.2771,-224.432,290.5794,False
14.35186,-643.559,-226.1088,294.4083,False
14.36797,-646.7214,-227.8853,298.0212,False
14.38478,-650.0275,-229.9043,301.7069,False
14.40174,-653.3672,-232.1002,305.3265,False
14.41866,-656.6971,-234.2895,308.9355,False
14.43504,-659.9298,-236.5585,312.3286,False
14.45168,-663.2251,-239.0093,315.6652,False
14.4684,-666.5482,-241.6105,318.8977,False
14.48514,-669.8906,-244.3476,322.0077,False
14.50175,-673.2228,-247.1866,324.96,False
14.51874,-676.6322,-250.0913,327.9807,False
14.53477,-679.8682,-252.9449,330.6974,False
14.55153,-683.2697,-256.0352,333.3894,False
14.56819,-686.6766,-259.2098,335.9171,False
14.58492,-690.1221,-262.4891,338.2987,False
14.60158,-693.5786,-265.8361,340.5097,False
14.618,-696.9858,-269.1355,342.6891,False
14.63473,-700.4872,-272.5724,344.7462,False
14.65154,-704.0333,-276.0884,346.6431,False
14.6683,-707.6039,-279.6523,348.3651,False
14.68488,-711.1671,-283.2211,349.8962,False
14.7012,-714.7111,-286.7718,351.2338,False
14.7183,-718.421,-290.4887,352.6341,False
14.73466,-722.0073,-294.0721,353.8022,False
14.75143,-725.7186,-297.7596,354.8217,False
14.76844,-729.5227,-301.5072,355.6761,False
14.78479,-733.2173,-305.106,356.3245,False
14.80143,-737.0171,-308.7552,356.8094,False
14.8183,-740.8695,-312.4551,357.301,False
14.83469,-744.6526,-316.0277,357.6076,False
14.85136,-748.5394,-319.6269,357.7473,False
14.86846,-752.5684,-323.2754,357.7165,False
14.88466,-756.4261,-326.6822,357.5251,False
14.90144,-760.4633,-330.1492,357.1624,False
14.91887,-764.446,-333.6117,356.8876,False
14.93475,-767.935,-336.5981,356.5803,False
14.95132,-771.4194,-339.5412,356.2182,False
14.96837,-774.8292,-342.3919,355.82,False
14.98457,-777.9128,-344.9489,355.4238,False
15.00134,-780.9352,-347.4473,355.01,False
15.0182,-783.7646,-349.8672,354.7139,False
15.03625,-786.5565,-352.0912,354.2249,False
15.05097,-788.6754,-353.6487,353.7186,False
15.06882,-791.0003,-355.1705,352.9981,False
15.0845,-792.8513,-356.2177,352.3008,False
15.10159,-794.6319,-357.022,351.4993,False
