t,vx,vy,vz
0,0,0,0
0.01654053,0,0,0
0.03307343,0,0,0
0.0499649,0,0,0
0.0670166,0,0,0
0.08314514,0,0,0
0.09999847,0,0,0
0.1168747,0,0,0
0.1338501,0,0,0
0.1496964,0,0,0
0.1665955,0,0,0
0.1833267,0,0,0
0.1996918,0,0,0
0.2165756,0,0,0
0.2334595,0,0,0
0.2503128,0,0,0
0.2659149,0,0,0
0.2820129,0,0,0
0.298851,0,0,0
0.3157501,0,0,0
0.3323898,0,0,0
0.349144,0,0,0
0.3660583,0,0,0
0.3828354,0,0,0
0.3992691,0,0,0
0.4157944,0,0,0
0.4328079,0,0,0
0.449379,0,0,0
0.4653931,0,0,0
0.4819412,0,0,0
0.4985123,0,0,0
0.5152817,0,0,0
0.531868,0,0,0
0.5484467,0,0,0
0.565239,0,0,0
0.5820389,0,0,0
0.5984344,0,0,0
0.6153183,0,0,0
0.6319351,0,0,0
0.6485901,0,0,0
0.6652298,0,0,0
0.6819687,0,0,0
0.6989059,0,0,0
0.7152939,0,0,0
0.7322388,0,0,0
0.7485886,0,0,0
0.7656555,0,0,0
0.7821121,0,0,0
0.7986908,0,0,0
0.8151855,0,0,0
0.8319397,0,0,0
0.8488312,0,0,0
0.8652191,0,0,0
0.8821335,0,0,0
0.898819,0,0,0
0.9152298,0,0,0
0.9319763,0,0,0
0.9486618,0,0,0
0.965126,0,0,0
0.9817963,0,0,0
0.9992218,0,0,0
1.015572,0,0,0
1.032181,0,0,0
1.048454,0,0,0
1.065399,0,0,0
1.0821,0,0,0
1.0989,0,0,0
1.115273,0,0,0
1.131912,0,0,0
1.14859,0,0,0
1.16526,0,0,0
1.182327,0,0,0
1.198975,0,0,0
1.21563,0,0,0
1.232468,0,0,0
1.248886,0,0,0
1.265755,0,0,0
1.282295,0,0,0
1.298759,0,0,0
1.315453,0,0,0
1.332024,0,0,0
1.348663,0,0,0
1.365211,0,0,0
1.382362,0,0,0
1.399307,0,0,0
1.41658,0,0,0
1.432983,0,0,0
1.449516,0,0,0
1.466721,0,0,0
1.482941,0,0,0
1.499825,0,0,0
1.516327,0,0,0
1.533485,0,0,0
1.549629,0,0,0
1.566223,0,0,0
1.583191,0,0,0
1.600372,0,0,0
1.616158,0,0,0
1.633011,0,0,0
1.649788,0,0,0
1.665482,0,0,0
1.682182,0,0,0
1.698906,0,0,0
1.71563,0,0,0
1.732559,0,0,0
1.748909,0,0,0
1.765724,0,0,0
1.782341,0,0,0
1.799004,0,0,0
1.815567,0,0,0
1.832573,0,0,0
1.849159,0,0,0
1.86573,0,0,0
1.882278,0,0,0
1.899269,0,0,0
1.915321,0,0,0
1.933235,0,0,0
1.949547,0,0,0
1.966782,0,0,0
1.983391,0,0,0
1.999542,0,0,0
2.016365,0,0,0
2.03344,0,0,0
2.049568,0,0,0
2.066269,0,0,0
2.083473,0,0,0
2.099663,0,0,0
2.116486,0,0,0
2.133354,0,0,0
2.14975,0,0,0
2.166435,0,0,0
2.182877,0,0,0
2.199448,0,0,0
2.216354,0,0,0
2.233513,0,0,0
2.249626,0,0,0
2.266426,0,0,0
2.283119,0,0,0
2.299759,0,0,0
2.316109,0,0,0
2.333344,0,0,0
2.349678,0,0,0
2.366394,0,0,0
2.383263,0,0,0
2.40036,0,0,0
2.415421,0,0,0
2.432152,0,0,0
2.44928,0,0,0
2.465225,0,0,0
2.482193,0,0,0
2.498688,0,0,0
2.51548,0,0,0
2.532898,0,0,0
2.549728,0,0,0
2.566681,0,0,0
2.582794,0,0,0
2.599747,0,0,0
2.616081,0,0,0
2.633492,0,0,0
2.649223,0,0,0
2.666611,0,0,0
2.6828,0,0,0
2.699326,0,0,0
2.716553,0,0,0
2.733391,0,0,0
2.749741,0,0,0
2.766289,0,0,0
2.783417,0,0,0
2.799362,0,0,0
2.816467,0,0,0
2.833275,0,0,0
2.849548,0,0,0
2.866905,0,0,0
2.882881,0,0,0
2.899879,0,0,0
2.916382,0,0,0
2.933594,0,0,0
2.949348,0,0,0
2.966164,0,0,0
2.983925,0,0,0
2.999397,0,0,0
3.016655,0,0,0
3.033226,0,0,0
3.049789,0,0,0
3.066925,0,0,0
3.082451,0,0,0
3.099289,0,0,0
3.116112,0,0,0
3.133728,0,0,0
3.1493,0,0,0
3.166687,0,0,0
3.183174,0,0,0
3.199356,0,0,0
3.215515,0,0,0
3.232346,0,0,0
3.248383,0,0,0
3.265335,0,0,0
3.282158,0,0,0
3.298729,0,0,0
3.315491,0,0,0
3.332581,0,0,0
3.348953,0,0,0
3.365883,0,0,0
3.382271,0,0,0
3.39888,0,0,0
3.41539,0,0,0
3.432182,0,0,0
3.448242,0,0,0
3.465683,0,0,0
3.482628,0,0,0
3.499268,0,0,0
3.515396,0,0,0
3.532738,0,0,0
3.548775,0,0,0
3.566528,0,0,0
3.583015,0,0,0
3.600563,0,0,0
3.616089,0,0,0
3.633621,0,0,0
3.650032,0,0,0
3.667007,0,0,0
3.682716,0,0,0
3.700104,0,0,0
3.715729,0,0,0
3.732635,0,0,0
3.749054,0,0,0
3.765839,0,0,0
3.782387,0,0,0
3.799278,0,0,0
3.815613,0,0,0
3.833084,0,0,0
3.84938,0,0,0
3.865517,0,0,0
3.882523,0,0,0
3.898682,0,0,0
3.915909,0,0,0
3.932747,0,0,0
3.948914,0,0,0
3.965858,0,0,0
3.98233,0,0,0
3.99897,0,0,0
4.015503,0,0,0
4.032646,0,0,0
4.048882,0,0,0
4.065872,0,0,0
4.082291,0,0,0
4.099197,0,0,0
4.115578,0,0,0
4.132408,0,0,0
4.149094,0,0,0
4.165398,0,0,0
4.182915,0,0,0
4.199303,0,0,0
4.215454,0,0,0
4.232834,0,0,0
4.248352,0,0,0
4.266014,0,0,0
4.281929,0,0,0
4.298683,0,0,0
4.314964,0,0,0
4.332458,0,0,0
4.348396,0,0,0
4.364822,0,0,0
4.38192,0,0,0
4.398224,0,0,0
4.415184,0,0,0
4.432053,0,0,0
4.448479,0,0,0
4.464912,0,0,0
4.481873,0,0,0
4.49868,0,0,0
4.515213,0,0,0
4.532387,0,0,0
4.549393,0,0,0
4.566345,0,0,0
4.582863,0,0,0
4.599152,0,0,0
4.616234,0,0,0
4.632637,0,0,0
4.649391,0,0,0
4.665817,0,0,0
4.683083,0,0,0
4.699104,0,0,0
4.716164,0,0,0
4.732788,0,0,0
4.749504,0,0,0
4.765701,0,0,0
4.782867,0,0,0
4.80024,0,0,0
4.814995,0,0,0
4.83242,0,0,0
4.849205,0,0,0
4.864899,0,0,0
4.88179,0,0,0
4.898552,0,0,0
4.915489,0,0,0
4.931747,0,0,0
4.948685,0,0,0
4.964958,0,0,0
4.98204,0,0,0
4.998207,0,0,0
5.015114,0,0,0
5.031868,0,0,0
5.048531,0,0,0
5.064987,0,0,0
5.082207,0,0,0
5.098312,0,0,0
5.115257,0,0,0
5.131935,0,0,0
5.148354,0,0,0
5.165154,0,0,0
5.182037,0,0,0
5.198303,0,0,0
5.215279,0,0,0
5.231621,0,0,0
5.24855,0,0,0
5.264961,0,0,0
5.282211,0,0,0
5.299217,0,0,0
5.316765,0,0,0
5.333069,0,0,0
5.349808,0,0,0
5.365799,0,0,0
5.38279,0,0,0
5.398521,0,0,0
5.414894,0,0,0
5.431694,0,0,0
5.448326,0,0,0
5.465363,0,0,0
5.482216,0,0,0
5.498749,0,0,0
5.514793,0,0,0
5.532082,0,0,0
5.548302,0,0,0
5.565056,0,0,0
5.581924,0,0,0
5.598328,0,0,0
5.615166,0,0,0
5.631393,0,0,0
5.648338,0,0,0
5.665352,0,0,0
5.681717,0,0,0
5.698418,0,0,0
5.71505,0,0,0
5.73233,0,0,0
5.748421,0,0,0
5.764992,0,0,0
5.781914,0,0,0
5.798058,0,0,0
5.815063,0,0,0
5.831848,0,0,0
5.848579,0,0,0
5.864716,0,0,0
5.88176,0,0,0
5.897919,0,0,0
5.914833,0,0,0
5.931465,0,0,0
5.947929,0,0,0
5.964935,0,0,0
5.982178,0,0,0
5.998459,0,0,0
6.015617,0,0,0
6.032684,0,0,0
6.049149,0,0,0
6.065491,0,0,0
6.081673,0,0,0
6.098114,0,0,0
6.114983,0,0,0
6.131729,0,0,0
6.147667,0,0,0
6.164795,0,0,0
6.180962,0,0,0
6.198074,0,0,0
6.214752,0,0,0
6.231651,0,0,0
6.247963,0,0,0
6.264732,0,0,0
6.281319,0,0,0
6.29789,0,0,0
6.31472,0,0,0
6.331787,0,0,0
6.348045,0,0,0
6.364578,0,0,0
6.38105,0,0,0
6.397812,0,0,0
6.41436,0,0,0
6.431122,0,0,0
6.447968,0,0,0
6.465263,0,0,0
6.480972,0,0,0
6.498016,0,0,0
6.514351,0,0,0
6.53154,0,0,0
6.548004,0,0,0
6.564407,0,0,0
6.580986,0,0,0
6.597847,0,0,0
6.614487,0,0,0
6.631538,0,0,0
6.648331,0,0,0
6.665283,0,0,0
6.681671,0,0,0
6.698647,0,0,0
6.714951,0,0,0
6.732613,0,0,0
6.748329,0,0,0
6.764435,0,0,0
6.781891,0,0,0
6.797943,0,0,0
6.814514,0,0,0
6.831497,0,0,0
6.847633,0,0,0
6.864479,0,0,0
6.88118,0,0,0
6.898216,0,0,0
6.914551,0,0,0
6.931313,0,0,0
6.94783,0,0,0
6.964493,0,0,0
6.980942,0,0,0
6.998184,0,0,0
7.014618,0,0,0
7.031181,0,0,0
7.048157,0,0,0
7.064896,0,0,0
7.081917,0,0,0
7.098137,0,0,0
7.114922,0,0,0
7.131569,0,0,0
7.148026,0,0,0
7.164825,0,0,0
7.181221,0,0,0
7.198463,0,0,0
7.214729,0,0,0
7.231934,0,0,0
7.247803,0,0,0
7.264847,0,0,0
7.282257,0,0,0
7.298737,0,0,0
7.315742,0,0,0
7.332413,0,0,0
7.348953,0,0,0
7.365433,0,0,0
7.382271,0,0,0
7.398689,0,0,0
7.415329,0,0,0
7.431946,0,0,0
7.448753,0,0,0
7.46563,0,0,0
7.483681,0,0,0
7.498924,0,0,0
7.515388,0,0,0
7.531502,0,0,0
7.547935,0,0,0
7.564301,0,0,0
7.581352,0,0,0
7.598053,0,0,0
7.615509,0,0,0
7.632179,0,0,0
7.648842,0,0,0
7.665276,0,0,0
7.682266,0,0,0
7.6987,0,0,0
7.715164,0,0,0
7.732185,0,0,0
7.748703,0,0,0
7.765793,0,0,0
7.782227,0,0,0
7.798798,0,0,0
7.81562,0,0,0
7.832451,0,0,0
7.848984,0,0,0
7.865303,0,0,0
7.882248,0,0,0
7.898766,0,0,0
7.915634,0,0,0
7.932007,0,0,0
7.94912,0,0,0
7.965302,0,0,0
7.982018,0,0,0
7.999413,0,0,0
8.015884,0,0,0
8.032249,0,0,0
8.04892,0,0,0
8.065384,0,0,0
8.082268,0,0,0
8.098976,0,0,0
8.115166,0,0,0
8.131226,0,0,0
8.148483,0,0,0
8.164688,0,0,0
8.182564,0,0,0
8.198654,0,0,0
8.215446,0,0,0
8.232086,0,0,0
8.248993,0,0,0
8.265343,0,0,0
8.282768,0,0,0
8.298538,0,0,0
8.315247,0,0,0
8.331978,0,0,0
8.348785,0,0,0
8.365196,0,0,0
8.382217,0,0,0
8.398819,0,0,0
8.415443,0,0,0
8.432022,0,0,0
8.448959,0,0,0
8.465393,0,0,0
8.482445,0,0,0
8.498718,0,0,0
8.515373,0,0,0
8.53215,0,0,0
8.548653,0,0,0
8.565277,0,0,0
8.582184,0,0,0
8.598633,0,0,0
8.615524,0,0,0
8.631851,0,0,0
8.649796,0,0,0
8.664574,0,0,0
8.681793,0,0,0
8.697472,0,0,0
8.714561,0,0,0
8.731277,0,0,0
8.747871,0,0,0
8.76461,0,0,0
8.780708,0,0,0
8.797447,0,0,0
8.814133,0,0,0
8.831421,0,0,0
8.848358,0,0,0
8.864754,0,0,0
8.881523,0,0,0
8.897736,0,0,0
8.914665,0,0,0
8.931213,0,0,0
8.948517,0,0,0
8.964516,0,0,0
8.981636,0,0,0
8.997734,0,0,0
9.014931,0,0,0
9.03093,0,0,0
9.048355,0,0,0
9.064735,0,0,0
9.081459,0,0,0
9.098053,0,0,0
9.1147,0,0,0
9.131363,0,0,0
9.148102,0,0,0
9.16478,0,0,0
9.181091,0,0,0
9.198944,0,0,0
9.214439,0,0,0
9.231407,0,0,0
9.24791,0,0,0
9.26442,0,0,0
9.28141,0,0,0
9.299049,0,0,0
9.314804,0,0,0
9.330894,0,0,0
9.347984,0,0,0
9.364792,0,0,0
9.381424,0,0,0
9.399467,0,0,0
9.415291,0,0,0
9.431297,0,0,0
9.448044,0,0,0
9.46463,0,0,0
9.481186,0,0,0
9.499062,0,0,0
9.514732,0,0,0
9.531647,0,0,0
9.547867,0,0,0
9.564804,0,0,0
9.581284,0,0,0
9.597931,0,0,0
9.61467,0,0,0
9.631699,0,0,0
9.647972,0,0,0
9.664818,0,0,0
9.681282,0,0,0
9.697929,0,0,0
9.715477,0,0,0
9.731499,0,0,0
9.747429,0,0,0
9.763939,0,0,0
9.780769,0,0,0
9.797867,0,0,0
9.814659,0,0,0
9.831512,0,0,0
9.848381,0,0,0
9.864738,0,0,0
9.881439,0,0,0
9.898422,0,0,0
9.91468,0,0,0
9.931801,0,0,0
9.948067,0,0,0
9.96479,0,0,0
9.981773,0,0,0
9.998222,0,0,0
10.01472,0,0,0
10.03118,0,0,0
10.04811,0,0,0
10.06488,0,0,0
10.08146,0,0,0
10.09834,0,0,0
10.11455,0,0,0
10.13138,0,0,0
10.14835,0,0,0
10.16465,0,0,0
10.18176,0,0,0
10.19798,0,0,0
10.21447,0,0,0
10.23169,0,0,0
10.24805,0,0,0
10.26482,0,0,0
10.28122,0,0,0
10.29802,0,0,0
10.31425,0,0,0
10.33103,0,0,0
10.34783,0,0,0
10.36459,0,0,0
10.38143,0,0,0
10.39806,0,0,0
10.41453,0,0,0
10.43097,0,0,0
10.44788,0,0,0
10.4648,0,0,0
10.48093,0,0,0
10.49747,0,0,0
10.51444,0,0,0
10.53143,0,0,0
10.54783,0,0,0
10.56441,0,0,0
10.58115,0,0,0
10.59776,0,0,0
10.61454,0,0,0
10.63125,0,0,0
10.64823,0,0,0
10.66443,0,0,0
10.68122,0,0,0
10.69783,0,0,0
10.71442,0,0,0
10.73096,0,0,0
10.74746,0,0,0
10.76398,0,0,0
10.78057,0,0,0
10.7981,0,0,0
10.81396,0,0,0
10.8306,0,0,0
10.84789,0,0,0
10.86436,0,0,0
10.88143,0,0,0
10.8979,0,0,0
10.91423,0,0,0
10.93129,0,0,0
10.94753,0,0,0
10.96436,0,0,0
10.98096,0,0,0
10.99792,0,0,0
11.01447,0,0,0
11.03096,0,0,0
11.04765,0,0,0
11.06438,0,0,0
11.08102,0,0,0
11.09753,0,0,0
11.11456,0,0,0
11.13103,0,0,0
11.14784,0,0,0
11.16446,0,0,0
11.18098,0,0,0
11.19808,0,0,0
11.21397,0,0,0
11.23065,0,0,0
11.24718,0,0,0
11.26397,0,0,0
11.28054,0,0,0
11.29714,0,0,0
11.31398,0,0,0
11.3306,0,0,0
11.34716,0,0,0
11.36375,0,0,0
11.38047,0,0,0
11.39722,0,0,0
11.41401,0,0,0
11.43051,0,0,0
11.44733,0,0,0
11.46405,0,0,0
11.48109,0,0,0
11.4974,0,0,0
11.51411,0,0,0
11.53056,0,0,0
11.54732,0,0,0
11.56403,0,0,0
11.58083,0,0,0
11.5977,0,0,0
11.61408,0,0,0
11.63041,0,0,0
11.64721,0,0,0
11.66418,0,0,0
11.68111,0,0,0
11.69726,0,0,0
11.71361,0,0,0
11.73044,0,0,0
11.74727,0,0,0
11.76394,0,0,0
11.78127,0,0,0
11.79711,0,0,0
11.8145,0,0,0
11.83157,0,0,0
11.84789,0,0,0
11.86479,0,0,0
11.88166,0,0,0
11.89775,0,0,0
11.91428,0,0,0
11.93051,0,0,0
11.94719,0,0,0
11.96473,0,0,0
11.98127,0,0,0
11.99825,0,0,0
12.01463,0,0,0
12.0314,0,0,0
12.04843,0,0,0
12.06506,0,0,0
12.0817,0,0,0
12.09843,0,0,0
12.11457,0,0,0
12.13181,0,0,0
12.14896,0,0,0
12.1647,0,0,0
12.18169,0,0,0
12.19823,0,0,0
12.21517,0,0,0
12.23124,0,0,0
12.2482,0,0,0
12.26501,0,0,0
12.28131,0,0,0
12.29896,0,0,0
12.3147,0,0,0
12.33228,0,0,0
12.34812,0,0,0
12.36516,0,0,0
12.38215,0,0,0
12.39828,0,0,0
12.41533,0,0,0
12.43148,0,0,0
12.44862,0,0,0
12.46493,0,0,0
12.48208,0,0,0
12.49799,0,0,0
12.51501,0,0,0
12.53165,0,0,0
12.54892,0,0,0
12.56452,0,0,0
12.58176,0,0,0
12.59875,0,0,0
12.61472,0,0,0
12.63184,0,0,0
12.64863,0,0,0
12.66467,0,0,0
12.68195,0,0,0
12.69816,0,0,0
12.71512,0,0,0
12.7317,0,0,0
12.74864,0,0,0
12.76482,0,0,0
12.78226,0,0,0
12.79816,0,0,0
12.81493,0,0,0
12.83132,0,0,0
12.84808,0,0,0
12.8652,0,0,0
12.8824,0,0,0
12.89817,0,0,0
12.9141,0,0,0
12.93059,0,0,0
12.94757,0,0,0
12.96407,0,0,0
12.98102,0,0,0
12.99718,0,0,0
13.01395,0,0,0
13.0308,0,0,0
13.04751,0,0,0
13.06485,0,0,0
13.08183,0,0,0
13.09749,0,0,0
13.11428,0,0,0
13.13091,0,0,0
13.14799,0,0,0
13.16422,0,0,0
13.18098,0,0,0
13.19759,0,0,0
13.21441,0,0,0
13.23092,0,0,0
13.2477,0,0,0
13.26408,0,0,0
13.28127,0,0,0
13.29746,0,0,0
13.31427,0,0,0
13.33092,0,0,0
13.34779,0,0,0
13.36389,0,0,0
13.38113,0,0,0
13.3978,0,0,0
13.41412,0,0,0
13.43103,0,0,0
13.44773,0,0,0
13.46423,0,0,0
13.48087,0,0,0
13.49774,0,0,0
13.51403,0,0,0
13.53094,0,0,0
13.54796,0,0,0
13.56405,0,0,0
13.58134,0,0,0
13.59728,0,0,0
13.6141,0,0,0
13.63094,0,0,0
13.6477,0,0,0
13.66459,0,0,0
13.68073,0,0,0
13.69779,0,0,0
13.71391,0,0,0
13.73066,0,0,0
13.74715,0,0,0
13.76408,0,0,0
13.78098,0,0,0
13.7971,0,0,0
13.81419,0,0,0
13.83078,0,0,0
13.84751,0,0,0
13.86406,0,0,0
13.88103,0,0,0
13.89758,0,0,0
13.91343,0,0,0
13.93016,0,0,0
13.94684,0,0,0
13.96422,0,0,0
13.98062,0,0,0
13.99763,0,0,0
14.01363,0,0,0
14.03063,0,0,0
14.04711,0,0,0
14.06348,0,0,0
14.08101,0,0,0
14.09711,0,0,0
14.11366,0,0,0
14.13062,0,0,0
14.14778,0,0,0
14.16371,0,0,0
14.18069,0,0,0
14.19718,0,0,0
14.21335,0,0,0
14.2308,0,0,0
14.24727,0,0,0
14.26393,0,0,0
14.28043,0,0,0
14.29764,0,0,0
14.31416,0,0,0
14.3306,0,0,0
14.34773,0,0,0
14.36404,0,0,0
14.38064,0,0,0
14.39735,0,0,0
14.41357,0,0,0
14.43063,0,0,0
14.44746,0,0,0
14.46403,0,0,0
14.48093,0,0,0
14.49725,0,0,0
14.51376,0,0,0
14.53088,0,0,0
14.54808,0,0,0
14.56479,0,0,0
14.58133,0,0,0
14.59825,0,0,0
14.61487,0,0,0
14.6315,0,0,0
14.6478,0,0,0
14.6648,0,0,0
14.68156,0,0,0
14.69816,0,0,0
14.71436,0,0,0
14.73158,0,0,0
14.7478,0,0,0
14.76588,0,0,0
14.78042,0,0,0
14.79787,0,0,0
14.81403,0,0,0
14.83156,0,0,0
14.84757,0,0,0
14.86403,0,0,0
14.88083,0,0,0
14.89765,0,0,0
14.91379,0,0,0
14.93183,0,0,0
14.94788,0,0,0
14.96483,0,0,0
14.98133,0,0,0
14.99812,0,0,0
15.01469,0,0,0
15.03176,0,0,0
15.0481,0,0,0
15.06469,0,0,0
15.08124,0,0,0
